Uni_ID,ID1,ID2,Batch_Group,Exposure,Treatment,Group,Role,Diagnosis,Pre_BCG,M2,M4,M6,M8,M10,M12,M14,D_Pre_BCG,D_M2,D_M4,D_M6,D_M8,D_M10,D_M12,D_M14,Culture_PCR_Or_VL,Culture_PCR_Or_VL_D,M_bovis_PCR,VL,VL_D,Total_VL_Score,IS1081_PCR,MTCAni_PCR,M_bovis_PCR
1,119.1.3,43,1,Unvaccinated_Cows,Control,CS,Sentinel_Seeder,DST1,,0.016,0.044,-0.002,0.014,-0.008,-0.007,-0.003,,0,0,0,0,0,0,0,Positive,1,1,Yes,1,116,Positive,Positive,Positive
2,933,46,1,Unvaccinated_Cows,Control,CS,Sentinel_Seeder,DST1,,0.029,0.016,2.123,0.56,0.134,0.404,0.674,,0,0,1,1,1,1,1,Positive,1,1,Yes,1,60,Positive,Positive,Positive
3,893,24,1,Unvaccinated_Cows,Control,CS,Sentinel_Seeder,DST1,,-0.009,0.041,0,0.162,0.524,0.212,0.592,,0,0,0,1,1,1,1,Positive,1,1,Yes,1,10,Positive,Positive,Positive
4,928,44,1,Unvaccinated_Cows,Control,CS,Sentinel_Seeder,DST1,,0.011,1.608,0.052,0.088,0.02,0.002,0.091,,0,1,0,0,0,0,0,Positive,1,0,Yes,1,15,Negative,Negative,Negative
5,091.1.3,42,1,Unvaccinated_Cows,Control,CS,Sentinel_Seeder,DST1,,-0.001,1.056,0.567,0.151,0.141,0.087,0.097,,0,1,1,1,1,0,0,Positive,1,0,Yes,1,23,Negative,Negative,Negative
6,522,18,1,Unvaccinated_Cows,Control,CS,Sentinel_Seeder,DST1,,-0.032,0.326,1,0.508,0.647,0.369,0.351,,0,1,1,1,1,1,1,Positive,1,1,Yes,1,4,Positive,Positive,Positive
7,891,17,1,Unvaccinated_Cows,Control,CS,Sentinel_Seeder,DST1,,0.016,-0.003,0.445,0.542,0.459,0.662,1.036,,0,0,1,1,1,1,1,Positive,1,1,Yes,1,3,Positive,Positive,Positive
8,870,15,1,Unvaccinated_Cows,Control,CS,Sentinel_Seeder,DST1,,-0.02,0.049,0.016,0.219,0.36,0.512,0.701,,0,0,0,1,1,1,1,Positive,1,0,Yes,1,11,Negative,Negative,Negative
9,525,33,1,Unvaccinated_Cows,Control,CS,Sentinel_Seeder,DST1,,-0.037,0.011,1.754,1.365,0.584,0.764,1.234,,0,0,1,1,1,1,1,Positive,1,0,Yes,1,53,Negative,Negative,Negative
10,79,34,1,Unvaccinated_Cows,Control,CS,Sentinel_Seeder,DST1,,-0.019,-0.074,0.419,0.014,0.021,0.059,0.052,,0,0,1,0,0,0,0,Positive,1,0,Yes,1,2,Negative,Negative,Negative
11,448,27,1,Unvaccinated_Cows,Control,CS,Sentinel_Seeder,DST1,,0.089,0.001,0.181,0.16,0.397,0.13,0.139,,0,0,1,1,1,1,1,Positive,1,1,Yes,1,71,Positive,Positive,Positive
12,880,8,1,Unvaccinated_Cows,Control,CS,Sentinel_Seeder,DST1,,0.001,-0.024,0.002,0.263,0.257,1.138,1.238,,0,0,0,1,1,1,1,Positive,1,1,Yes,1,78,Positive,Positive,Positive
13,520,30,1,Unvaccinated_Cows,Control,CS,Sentinel_Seeder,DST1,,0,-0.001,3.384,0.791,0.745,0.821,1.174,,0,0,1,1,1,1,1,Positive,1,1,Yes,1,34,Positive,Positive,Positive
14,885,28,1,Unvaccinated_Cows,Control,CS,Sentinel_Seeder,DST1,,-0.003,0.076,-0.052,0.023,0.045,0.06,0.195,,0,0,0,0,0,0,1,Positive,1,1,Yes,1,12,Positive,Positive,Positive
15,882,25,1,Unvaccinated_Cows,Control,CS,Sentinel_Seeder,DST1,,-0.005,0.008,0.022,0.714,0.122,0.228,0.38,,0,0,0,1,1,1,1,Positive,1,1,Yes,1,72,Positive,Positive,Positive
16,443,40,1,Unvaccinated_Cows,Control,CS,Sentinel_Seeder,DST1,,-0.025,0.026,0.023,0.176,0.13,0.144,0.989,,0,0,0,1,1,1,1,Positive,1,1,Yes,1,23,Positive,Positive,Positive
17,521,39,1,Unvaccinated_Cows,Control,CS,Sentinel_Seeder,DST1,,-0.193,0.034,1.151,0.082,0.13,0.1,0.075,,0,0,1,0,1,1,0,Positive,1,0,Yes,1,16,Negative,Negative,Negative
18,098.1.1.2,35,1,Unvaccinated_Cows,Vaccinate,VS,Sentinel_Seeder,DST1,,-0.011,-0.059,0.265,0.654,0.331,0.138,0.8,,0,0,1,1,1,1,1,Positive,1,1,Yes,1,28,Positive,Positive,Positive
19,919,36,1,Unvaccinated_Cows,Vaccinate,VS,Sentinel_Seeder,DST1,,0,-0.007,0.802,0.156,0.215,0.165,0.584,,0,0,1,1,1,1,1,Positive,1,0,Yes,1,72,Negative,Negative,Negative
20,518,37,1,Unvaccinated_Cows,Vaccinate,VS,Sentinel_Seeder,DST1,,0.005,-0.011,NA,NA,NA,NA,NA,,0,0,NA,NA,NA,NA,NA,Negative,0,0,No,0,0,Negative,Negative,Negative
21,936,45,1,Unvaccinated_Cows,Vaccinate,VS,Sentinel_Seeder,DST1,,-0.045,-0.084,0.159,0.103,0.024,0.028,0.047,,0,0,1,1,0,0,0,Positive,1,0,Yes,1,5,Negative,Negative,Negative
22,087.2.2,41,1,Unvaccinated_Cows,Vaccinate,VS,Sentinel_Seeder,DST1,,-0.012,0.163,0.114,0.05,0.061,0.156,0.046,,0,1,1,0,0,1,0,Positive,1,0,Yes,1,9,Negative,Negative,Negative
23,890,31,1,Unvaccinated_Cows,Vaccinate,VS,Sentinel_Seeder,DST1,,-0.019,-0.03,NA,NA,NA,NA,NA,,0,0,NA,NA,NA,NA,NA,Negative,0,0,No,0,0,Negative,Negative,Negative
24,914,19,1,Unvaccinated_Cows,Vaccinate,VS,Sentinel_Seeder,DST1,,-0.028,0.014,0.008,0.001,-0.018,0.136,0.011,,0,0,0,0,0,1,0,Positive,1,0,Yes,1,4,Negative,Negative,Negative
25,889,23,1,Unvaccinated_Cows,Vaccinate,VS,Sentinel_Seeder,DST1,,0.017,-0.026,-0.075,0.034,0.183,0.644,0.893,,0,0,0,0,1,1,1,Positive,1,1,Yes,1,11,Positive,Positive,Positive
26,102.1.1.1,29,1,Unvaccinated_Cows,Vaccinate,VS,Sentinel_Seeder,DST1,,-0.013,0.006,0.004,0.005,-0.005,0.007,-0.052,,0,0,0,0,0,0,0,Positive,1,1,Yes,1,15,Positive,Positive,Positive
27,77,12,1,Unvaccinated_Cows,Vaccinate,VS,Sentinel_Seeder,DST1,,-0.018,-0.018,0.004,0.004,0.005,-0.023,0.104,,0,0,0,0,0,0,1,Positive,1,1,Yes,1,19,Positive,Positive,Positive
28,901,14,1,Unvaccinated_Cows,Vaccinate,VS,Sentinel_Seeder,DST1,,-0.012,0.001,0.045,0.108,0.263,0.462,0.504,,0,0,0,1,1,1,1,Positive,1,1,Yes,1,8,Positive,Positive,Positive
29,902,16,1,Unvaccinated_Cows,Vaccinate,VS,Sentinel_Seeder,DST1,,-0.013,0.005,0.003,-0.002,0.051,0.09,0.148,,0,0,0,0,0,0,1,Positive,1,1,Yes,1,9,Positive,Positive,Positive
30,875,11,1,Unvaccinated_Cows,Vaccinate,VS,Sentinel_Seeder,DST1,,-0.004,0.012,0.068,0.014,0.062,0.045,0.283,,0,0,0,0,0,0,1,Positive,1,1,Yes,1,8,Positive,Positive,Positive
31,895,26,1,Unvaccinated_Cows,Vaccinate,VS,Sentinel_Seeder,DST1,,0.043,0.04,-0.004,0.011,-0.011,0.013,0.02,,0,0,0,0,0,0,0,Positive,1,0,Yes,1,7,Negative,Negative,Negative
32,524,21,1,Unvaccinated_Cows,Vaccinate,VS,Sentinel_Seeder,DST1,,0.022,0.039,0.004,-0.001,-0.005,0,0.027,,0,0,0,0,0,0,0,Positive,1,1,Yes,1,4,Positive,Positive,Positive
33,449,47,1,Unvaccinated_Cows,Vaccinate,VS,Sentinel_Seeder,DST1,,0.001,-0.003,0.19,0.287,0.434,0.183,0.084,,0,0,1,1,1,1,0,Positive,1,1,Yes,1,6,Positive,Positive,Positive
34,84,22,1,Unvaccinated_Cows,Vaccinate,VS,Sentinel_Seeder,DST1,,-0.005,-0.055,0.007,0.022,0.002,0.005,0.004,,0,0,0,0,0,0,0,Positive,1,1,Yes,1,3,Positive,Positive,Positive
35,957,11-Feb,2,Unvaccinated_Cows,Control,CS,Sentinel_Seeder,DST1,,0.034,-0.002,-0.01,0.012,0.171,0.308,0.621,,0,0,0,0,1,1,1,Positive,1,1,Yes,1,28,Positive,Positive,Positive
36,954,14-Feb,2,Unvaccinated_Cows,Control,CS,Sentinel_Seeder,DST1,,0.099,0.001,0.2,0.089,0.482,0.396,1.059,,0,0,1,0,1,1,1,Positive,1,1,Yes,1,49,Positive,Positive,Positive
37,967,12-Feb,2,Unvaccinated_Cows,Control,CS,Sentinel_Seeder,DST1,,-0.001,0.002,0,0.01,2.583,0.835,1.122,,0,0,0,0,1,1,1,Positive,1,1,Yes,1,13,Positive,Positive,Positive
38,966,Feb-32,2,Unvaccinated_Cows,Control,CS,Sentinel_Seeder,DST1,,0.001,-0.003,0.002,-0.004,-0.017,1.622,1.105,,0,0,0,0,0,1,1,Positive,1,1,Yes,1,10,Positive,Positive,Positive
39,956,28-Feb,2,Unvaccinated_Cows,Control,CS,Sentinel_Seeder,DST1,,-0.002,0.736,0.022,0.014,0.003,0.032,0.051,,0,1,0,0,0,0,0,Positive,1,1,Yes,1,78,Positive,Positive,Positive
40,960,16-Feb,2,Unvaccinated_Cows,Control,CS,Sentinel_Seeder,DST1,,0.006,-0.018,0.118,0.097,0.137,0.174,0.346,,0,0,1,0,1,1,1,Positive,1,1,Yes,1,95,Positive,Positive,Positive
41,54,1-Feb,2,Unvaccinated_Cows,Control,CS,Sentinel_Seeder,DST1,,0.046,0.011,1.28,0.995,2.828,0.652,1.759,,0,0,1,1,1,1,1,Positive,1,1,Yes,1,39,Positive,Positive,Positive
42,455,6-Feb,2,Unvaccinated_Cows,Control,CS,Sentinel_Seeder,DST1,,-0.053,0.015,0.001,-0.001,-0.001,0.439,0.179,,0,0,0,0,0,1,1,Positive,1,1,Yes,1,38,Positive,Positive,Positive
43,50,15-Feb,2,Unvaccinated_Cows,Control,CS,Sentinel_Seeder,DST1,,0.02,0.079,-0.008,0.135,0.324,1.043,0.798,,0,0,0,1,1,1,1,Positive,1,1,Yes,1,12,Positive,Positive,Positive
44,453,8-Feb,2,Unvaccinated_Cows,Control,CS,Sentinel_Seeder,DST1,,-0.018,2.206,0.214,1.173,0.168,0.29,0.096,,0,1,1,1,1,1,0,Positive,1,0,Yes,1,8,Negative,Negative,Negative
45,942,17-Feb,2,Unvaccinated_Cows,Control,CS,Sentinel_Seeder,DST1,,0.002,1.022,1.073,2.195,1.518,1.349,0.664,,0,1,1,1,1,1,1,Positive,1,1,Yes,1,13,Positive,Positive,Positive
46,653,Feb-35,2,Unvaccinated_Cows,Control,CS,Sentinel_Seeder,DST1,,-0.075,1.899,0.456,0.471,0.441,0.803,0.932,,0,1,1,1,1,1,1,Positive,1,1,Yes,1,31,Positive,Positive,Positive
47,457,10-Feb,2,Unvaccinated_Cows,Control,CS,Sentinel_Seeder,DST1,,0.01,2.038,0.224,0.206,0.518,0.899,0.583,,0,1,1,1,1,1,1,Positive,1,1,Yes,1,14,Positive,Positive,Positive
48,924,2-1P,2,Unvaccinated_Cows,Control,CS,Sentinel_Seeder,DST1,,0.019,0.246,0.146,0.336,0.749,1.348,1.689,,0,1,1,1,1,1,1,Positive,1,0,Yes,1,23,Negative,Negative,Negative
49,938,3-1P,2,Unvaccinated_Cows,Control,CS,Sentinel_Seeder,DST1,,0,0.021,0.015,-0.011,NA,NA,NA,,0,0,0,0,NA,NA,NA,Negative,0,0,No,0,0,Negative,Negative,Negative
50,926,8-1P,2,Unvaccinated_Cows,Control,CS,Sentinel_Seeder,DST1,,-0.003,2.859,0.113,0.981,0.142,0.358,0.043,,0,1,1,1,1,1,0,Positive,1,1,Yes,1,104,Positive,Positive,Positive
51,964,13-Feb,2,Unvaccinated_Cows,Vaccinate,VS,Sentinel_Seeder,DST1,,-0.005,-0.009,-0.005,-0.002,0.01,0.026,0.071,,0,0,0,0,0,0,0,Positive,1,1,Yes,1,23,Positive,Positive,Positive
52,962,25-Feb,2,Unvaccinated_Cows,Vaccinate,VS,Sentinel_Seeder,DST1,,-0.112,-0.073,-0.038,0.003,-0.006,0.088,0.331,,0,0,0,0,0,0,1,Positive,1,1,Yes,1,16,Positive,Positive,Positive
53,959,9-Feb,2,Unvaccinated_Cows,Vaccinate,VS,Sentinel_Seeder,DST1,,0.012,0.05,0.076,0.157,0.309,0.493,0.121,,0,0,0,1,1,1,1,Positive,1,1,Yes,1,64,Positive,Positive,Positive
54,48,21-Feb,2,Unvaccinated_Cows,Vaccinate,VS,Sentinel_Seeder,DST1,,-0.004,0.026,0.002,-0.011,0.006,0.152,-0.003,,0,0,0,0,0,1,0,Positive,1,1,No,0,0,Positive,Positive,Positive
55,449,Feb-33,2,Unvaccinated_Cows,Vaccinate,VS,Sentinel_Seeder,DST1,,0.133,-0.004,0,-0.017,0.002,0.073,0.034,,1,0,0,0,0,0,0,Positive,1,0,Yes,1,6,Negative,Negative,Negative
56,63,19-Feb,2,Unvaccinated_Cows,Vaccinate,VS,Sentinel_Seeder,DST1,,0.018,0.028,0.011,0.011,0.066,0.273,0.408,,0,0,0,0,0,1,1,Positive,1,1,Yes,1,39,Positive,Positive,Positive
57,948,Feb-36,2,Unvaccinated_Cows,Vaccinate,VS,Sentinel_Seeder,DST1,,0.007,0.012,0.013,0.355,0.568,0.217,0.699,,0,0,0,1,1,1,1,Positive,1,0,Yes,1,1,Negative,Negative,Negative
58,64,23-Feb,2,Unvaccinated_Cows,Vaccinate,VS,Sentinel_Seeder,DST1,,-0.012,-0.006,-0.002,-0.001,0.006,0.169,0.135,,0,0,0,0,0,1,1,Positive,1,1,Yes,1,4,Positive,Positive,Positive
59,713,27-Feb,2,Unvaccinated_Cows,Vaccinate,VS,Sentinel_Seeder,DST1,,0.024,-0.001,0.021,0.007,-0.034,0.01,0.179,,0,0,0,0,0,0,1,Positive,1,1,Yes,1,100,Positive,Positive,Positive
60,52,3-Feb,2,Unvaccinated_Cows,Vaccinate,VS,Sentinel_Seeder,DST1,,-0.003,1.118,0.003,0.005,-0.031,0.141,0.301,,0,1,0,0,0,1,1,Positive,1,1,Yes,1,35,Positive,Positive,Positive
61,51,7-Feb,2,Unvaccinated_Cows,Vaccinate,VS,Sentinel_Seeder,DST1,,-0.103,0.002,-0.013,0.001,-0.031,0.075,0.541,,0,0,0,0,0,0,1,Positive,1,0,Yes,1,18,Negative,Negative,Negative
62,65,2-Feb,2,Unvaccinated_Cows,Vaccinate,VS,Sentinel_Seeder,DST1,,0.024,0.016,-0.004,-0.005,0.038,0.704,2.62,,0,0,0,0,0,1,1,Positive,1,0,Yes,1,16,Negative,Negative,Negative
63,945,5-Feb,2,Unvaccinated_Cows,Vaccinate,VS,Sentinel_Seeder,DST1,,0.026,0.02,-0.002,0.003,0.201,0.017,0.088,,0,0,0,0,1,0,0,Positive,1,1,Yes,1,6,Positive,Positive,Positive
64,459,4-Feb,2,Unvaccinated_Cows,Vaccinate,VS,Sentinel_Seeder,DST1,,-0.004,-0.048,0,-0.002,0.022,-0.005,0.268,,0,0,0,0,0,0,1,Positive,1,1,Yes,1,4,Positive,Positive,Positive
65,934,Feb-38,2,Unvaccinated_Cows,Vaccinate,VS,Sentinel_Seeder,DST1,,-0.204,-0.004,0.013,-0.001,0.014,0.609,4.438,,0,0,0,0,0,1,1,Positive,1,1,Yes,1,18,Positive,Positive,Positive
66,85,4-1P,2,Unvaccinated_Cows,Vaccinate,VS,Sentinel_Seeder,DST1,,-0.072,0.042,0.002,0.006,0.1,-0.007,0.004,,0,0,0,0,1,0,0,Positive,1,1,Yes,1,11,Positive,Positive,Positive
67,445,11-1P,2,Unvaccinated_Cows,Vaccinate,VS,Sentinel_Seeder,DST1,,-0.0105,0.017,0.02,0.008,0.061,0.414,0.012,,0,0,0,0,0,1,0,Positive,1,1,Yes,1,28,Positive,Positive,Positive
68,202,On34,I,Control,Vaccinate,V-CS,Sentinel,DST1,,0.019,0.01,-0.007,0.034,-0.004,-0.01,0.04,,0,0,0,0,0,0,0,Positive,1,1,No,0,0,Positive,Positive,Positive
69,1105,On35,I,Vaccinate,Control,C-VS,Sentinel,DST1,,0.01,0.024,-0.005,0.003,2.528,1.624,2.223,,0,0,0,0,1,1,1,Positive,1,1,Yes,1,44,Positive,Positive,Positive
70,1128,On12,I,Vaccinate,Vaccinate,V-VS,Sentinel,DST1,,0.001,0.008,0.012,0.025,-0.012,0.002,-0.007,,0,0,0,0,0,0,0,Negative,0,0,No,0,0,Negative,Negative,Negative
71,0068H,On19,I,Vaccinate,Vaccinate,V-VS,Sentinel,DST1,,0.002,0.001,0.003,0.013,-0.015,0.03,-0.012,,0,0,0,0,0,0,0,Positive,1,0,Yes,1,1,Negative,Negative,Negative
72,0067H,On03,I,Vaccinate,Vaccinate,V-VS,Sentinel,DST1,,0.001,-0.012,0.001,0.046,-0.01,0,-0.014,,0,0,0,0,0,0,0,Positive,1,1,No,0,0,Positive,Positive,Positive
73,0070H,On17,I,Control,Vaccinate,V-CS,Sentinel,DST1,,-0.002,-0.014,-0.002,0.02,-0.002,-0.009,-0.035,,0,0,0,0,0,0,0,Positive,1,0,Yes,1,3,Negative,Negative,Negative
74,497,On15,I,Vaccinate,Vaccinate,V-VS,Sentinel,DST1,,-0.009,-0.005,-0.002,-0.017,-0.002,0.001,0.006,,0,0,0,0,0,0,0,Positive,1,0,Yes,1,1,Negative,Negative,Negative
75,1135,On05,I,Control,Vaccinate,V-CS,Sentinel,DST1,,0.005,-0.001,0.008,0.03,0.077,0.102,0.164,,0,0,0,0,0,1,1,Positive,1,1,Yes,1,2,Positive,Positive,Positive
76,119,On33,I,Vaccinate,Control,C-VS,Sentinel,DST1,,0.044,0.167,0.001,0.047,0.114,0.082,0.03,,0,1,0,0,1,0,0,Positive,1,1,Yes,1,3,Positive,Positive,Positive
77,1113,On37,I,Vaccinate,Control,C-VS,Sentinel,DST1,,-0.001,-0.009,0.006,-0.002,-0.01,-0.013,0.02,,0,0,0,0,0,0,0,Positive,1,0,Yes,1,18,Negative,Negative,Negative
78,120,On32,I,Vaccinate,Vaccinate,V-VS,Sentinel,DST1,,-0.008,0.008,0.003,-0.045,-0.006,0.001,0.036,,0,0,0,0,0,0,0,Negative,0,0,No,0,0,Negative,Negative,Negative
79,078H,On18,I,Control,Control,C-CS,Sentinel,DST1,,-0.06,-0.007,0.869,0.4,0.892,0.285,0.283,,0,0,1,1,1,1,1,Positive,1,1,Yes,1,6,Positive,Positive,Positive
80,1111,On11,I,Control,Vaccinate,V-CS,Sentinel,DST1,,0.015,0.028,0.004,0.019,-0.005,0.008,0.086,,0,0,0,0,0,0,0,Positive,1,1,No,0,0,Positive,Positive,Positive
81,495,On08,I,Control,Vaccinate,V-CS,Sentinel,DST1,,0.011,0.025,-0.006,-0.018,-0.022,0.003,-0.025,,0,0,0,0,0,0,0,Positive,1,1,Yes,1,4,Positive,Positive,Positive
82,1074.1,On09,I,Vaccinate,Control,C-VS,Sentinel,DST1,,0.021,0.012,0.013,0.049,-0.008,0.003,-0.02,,0,0,0,0,0,0,0,Positive,1,1,Yes,1,8,Positive,Positive,Positive
83,099.2.3,On39,I,Vaccinate,Control,C-VS,Sentinel,DST1,,-0.015,0.013,0.032,0.046,-0.006,0.002,-0.011,,0,0,0,0,0,0,0,Positive,1,1,Yes,1,2,Positive,Positive,Positive
84,1126,On14,I,Control,Control,C-CS,Sentinel,DST1,,0.003,0.57,0.348,0.768,1.235,0.107,0.548,,0,1,1,1,1,1,1,Positive,1,1,Yes,1,5,Positive,Positive,Positive
85,491,On16,I,Vaccinate,Vaccinate,V-VS,Sentinel,DST1,,0.053,0.005,-0.008,0.013,-0.005,-0.014,0.212,,0,0,0,0,0,0,1,Positive,1,1,Yes,1,4,Positive,Positive,Positive
86,489,On30,I,Vaccinate,Control,C-VS,Sentinel,DST1,,0.009,-0.027,0.014,-0.006,-0.02,-0.019,0.117,,0,0,0,0,0,0,1,Positive,1,1,Yes,1,5,Positive,Positive,Positive
87,081H,On31,I,Control,Control,C-CS,Sentinel,DST1,,0.005,0.027,0.115,0.358,0.25,0.256,0.073,,0,0,1,1,1,1,0,Positive,1,1,Yes,1,5,Positive,Positive,Positive
88,Z014.2.2,On38,I,Control,Control,C-CS,Sentinel,DST1,,0.011,0.03,-0.026,0.063,0.529,0.124,0.085,,0,0,0,0,1,1,0,Positive,1,1,Yes,1,65,Positive,Positive,Positive
89,493,On13,I,Control,Vaccinate,V-CS,Sentinel,DST1,,-0.004,-0.123,-0.004,0.167,0.004,-0.024,0.464,,0,0,0,1,0,0,1,Negative,0,0,No,0,0,Negative,Negative,Negative
90,A.11.2,On01,I,Vaccinate,Control,C-VS,Sentinel,DST1,,0.016,-0.014,-0.001,0.018,0.001,0.023,0.006,,0,0,0,0,0,0,0,Positive,1,1,No,0,0,Positive,Positive,Positive
91,204,On04,I,Vaccinate,Control,C-VS,Sentinel,DST1,,0.059,0.011,-0.006,0.001,0.001,0.007,0.003,,0,0,0,0,0,0,0,Positive,1,0,Yes,1,3,Negative,Negative,Negative
92,G201,On36,I,Vaccinate,Control,C-VS,Sentinel,DST1,,0.001,-0.009,0,-0.001,0.002,-0.004,0.009,,0,0,0,0,0,0,0,Negative,0,0,No,0,0,Negative,Negative,Negative
93,03.2.2.1,On20,I,Vaccinate,Vaccinate,V-VS,Sentinel,DST1,,0.037,0.002,0.004,0.006,0.012,-0.004,0.012,,0,0,0,0,0,0,0,Positive,1,0,Yes,1,2,Negative,Negative,Negative
94,478,On45,I,Vaccinate,Control,C-VS,Sentinel,DST1,,0.026,-0.003,-0.006,0.015,-0.001,0.022,0.03,,0,0,0,0,0,0,0,Negative,0,0,No,0,0,Negative,Negative,Negative
95,206,On25,I,Control,Vaccinate,V-CS,Sentinel,DST1,,0.04,0.152,0.004,-0.002,-0.018,-0.001,0.025,,0,1,0,0,0,0,0,Positive,1,0,Yes,1,3,Negative,Negative,Negative
96,475,On28,I,Vaccinate,Control,C-VS,Sentinel,DST1,,0.009,-0.012,0.004,0.001,-0.007,0.003,0.034,,0,0,0,0,0,0,0,Negative,0,0,No,0,0,Negative,Negative,Negative
97,1160,On48,I,Control,Control,C-CS,Sentinel,DST1,,0.015,0.017,0.01,-0.006,0.106,0.028,0.034,,0,0,0,0,1,0,0,Positive,1,0,Yes,1,2,Negative,Negative,Negative
98,477,On46,I,Control,Control,C-CS,Sentinel,DST1,,0.004,-0.005,0.003,-0.02,0.464,0.125,0.034,,0,0,0,0,1,1,0,Positive,1,1,Yes,1,15,Positive,Positive,Positive
99,207,On44,I,Control,Vaccinate,V-CS,Sentinel,DST1,,0.002,0.004,0.005,0.007,0.084,-0.001,0.034,,0,0,0,0,0,0,0,Positive,1,1,Yes,1,2,Positive,Positive,Positive
100,055.1.3,On29,I,Control,Control,C-CS,Sentinel,DST1,,0.004,-0.001,0.008,0.058,0.196,0.008,0.024,,0,0,0,0,1,0,0,Positive,1,1,Yes,1,3,Positive,Positive,Positive
101,1165,On24,I,Control,Control,C-CS,Sentinel,DST1,,-0.005,0.001,-0.008,-0.015,0.045,0.032,-0.021,,0,0,0,0,0,0,0,Positive,1,0,Yes,1,2,Negative,Negative,Negative
102,1141,On22,I,Vaccinate,Control,C-VS,Sentinel,DST1,,0.002,-0.011,-0.004,-0.023,-0.011,0.006,-0.023,,0,0,0,0,0,0,0,Positive,1,0,Yes,1,3,Negative,Negative,Negative
103,1154,On41,I,Control,Vaccinate,V-CS,Sentinel,DST1,,0.001,-0.016,-0.038,-0.007,0.016,-0.001,0.007,,0,0,0,0,0,0,0,Positive,1,1,Yes,1,6,Positive,Positive,Positive
104,1159,On47,I,Vaccinate,Vaccinate,V-VS,Sentinel,DST1,,0.007,0.006,-0.007,-0.002,0.075,-0.006,0.023,,0,0,0,0,0,0,0,Negative,0,0,No,0,0,Negative,Negative,Negative
105,1147,On43,I,Control,Vaccinate,V-CS,Sentinel,DST1,,-0.045,0,0.003,0.013,0.017,0.006,-0.002,,0,0,0,0,0,0,0,Negative,0,0,No,0,0,Negative,Negative,Negative
106,96.5,On61,II,Vaccinate,Control,C-VS,Sentinel,DST1,,-0.001,0.006,-0.002,-0.001,-0.01,0.015,-0.006,,0,0,0,0,0,0,0,Positive,1,1,Yes,1,4,Positive,Positive,Positive
107,099.2.1.1,On51,II,Vaccinate,Vaccinate,V-VS,Sentinel,DST1,,0.019,0.005,0.037,0.015,-0.01,0.005,-0.005,,0,0,0,0,0,0,0,Positive,1,0,Yes,1,3,Negative,Negative,Negative
108,132,On71,II,Control,Control,C-CS,Sentinel,DST1,,0.069,-0.007,0.079,0.378,0.196,0.084,0.049,,0,0,0,1,1,0,0,Positive,1,1,Yes,1,10,Positive,Positive,Positive
109,1168,On59,II,Control,Vaccinate,V-CS,Sentinel,DST1,,0.021,0.003,-0.025,0,0.034,-0.001,0.01,,0,0,0,0,0,0,0,Positive,1,1,Yes,1,10,Positive,Positive,Positive
110,1171,On70,II,Control,Control,C-CS,Sentinel,DST1,,0.018,-0.005,0.271,0.507,0.067,0.105,0.073,,0,0,1,1,0,1,0,Positive,1,1,Yes,1,6,Positive,Positive,Positive
111,1174,On62,II,Vaccinate,Control,C-VS,Sentinel,DST1,,-0.002,-0.001,0.008,0.179,-0.091,0.029,0.032,,0,0,0,1,0,0,0,Positive,1,1,Yes,1,6,Positive,Positive,Positive
112,1189,On56,II,Vaccinate,Control,C-VS,Sentinel,DST1,,-0.005,-0.011,0.009,0,0.038,0.005,-0.025,,0,0,0,0,0,0,0,Positive,1,1,Yes,1,4,Positive,Positive,Positive
113,1192,On49,II,Vaccinate,Control,C-VS,Sentinel,DST1,,0.013,-0.004,-0.018,-0.025,0.039,0.001,0.003,,0,0,0,0,0,0,0,Positive,1,1,Yes,1,3,Positive,Negative,Positive
114,1196,On68,II,Control,Vaccinate,V-CS,Sentinel,DST1,,0.022,NA,NA,NA,NA,NA,NA,,0,NA,NA,NA,NA,NA,NA,Negative,0,0,No,0,0,Negative,Negative,Negative
115,1198,On78,II,Vaccinate,Vaccinate,V-VS,Sentinel,DST1,,0.007,1.715,4.389,NA,NA,NA,NA,,0,1,1,NA,NA,NA,NA,Positive,1,1,Yes,1,58,Positive,Positive,Positive
116,110.3.4,On50,II,Control,Vaccinate,V-CS,Sentinel,DST1,,0.011,-0.001,-0.011,0.18,0.003,0.033,0.081,,0,0,0,1,0,0,0,Positive,1,1,Yes,1,7,Positive,Positive,Positive
117,081.1.4,On54,II,Vaccinate,Vaccinate,V-VS,Sentinel,DST1,,0.009,0.003,-0.015,0.008,-0.005,0.006,0.006,,0,0,0,0,0,0,0,Positive,1,1,Yes,1,11,Positive,Positive,Positive
118,087.2.3,On72,II,Vaccinate,Vaccinate,V-VS,Sentinel,DST1,,0.036,-0.009,-0.018,-0.003,-0.007,-0.012,-0.003,,0,0,0,0,0,0,0,Positive,1,1,No,0,1,Positive,Positive,Positive
119,024.2.1.1,On75,II,Control,Control,C-CS,Sentinel,DST1,,-0.023,NA,NA,NA,NA,NA,NA,,0,NA,NA,NA,NA,NA,NA,Negative,0,0,No,0,0,Negative,Negative,Negative
120,083.3.4,On60,II,Vaccinate,Control,C-VS,Sentinel,DST1,,-0.034,-0.003,-0.013,0.037,0.003,0.008,-0.014,,0,0,0,0,0,0,0,Positive,1,0,Yes,1,4,Negative,Negative,Negative
121,08.2.4.4,On58,II,Vaccinate,Control,C-VS,Sentinel,DST1,,-0.044,0,0.004,0.043,0.007,0.008,0.026,,0,0,0,0,0,0,0,Positive,1,0,Yes,1,13,Negative,Negative,Negative
122,410.1.1.2,On67,II,Vaccinate,Vaccinate,V-VS,Sentinel,DST1,,-0.014,-0.001,0.009,0,-0.082,-0.009,0.003,,0,0,0,0,0,0,0,Positive,1,1,Yes,1,3,Positive,Positive,Positive
123,135,On52,II,Vaccinate,Vaccinate,V-VS,Sentinel,DST1,,-0.067,-0.004,0.004,0,-0.003,-0.019,-0.002,,0,0,0,0,0,0,0,Positive,1,1,Yes,1,2,Positive,Positive,Positive
124,139,On53,II,Control,Vaccinate,V-CS,Sentinel,DST1,,0.02,-0.006,0,0.001,-0.006,0.018,0.002,,0,0,0,0,0,0,0,Positive,1,1,Yes,1,1,Positive,Positive,Positive
125,140,On66,II,Control,Vaccinate,V-CS,Sentinel,DST1,,0.005,0,0.019,0.013,0.083,0.01,0.004,,0,0,0,0,0,0,0,Positive,1,1,No,0,0,Positive,Positive,Positive
126,501,On65,II,Vaccinate,Vaccinate,V-VS,Sentinel,DST1,,-0.006,-0.001,0.002,0.016,0.025,0.007,0.014,,0,0,0,0,0,0,0,Positive,1,1,Yes,1,4,Positive,Positive,Positive
127,503,On73,II,Control,Control,C-CS,Sentinel,DST1,,0.01,0.004,0.336,0.185,0.105,0.08,0.03,,0,0,1,1,1,0,0,Positive,1,1,Yes,1,5,Positive,Positive,Positive
128,505,On64,II,Vaccinate,Vaccinate,V-VS,Sentinel,DST1,,0.025,0.05,-0.039,0.005,0.044,0.01,-0.005,,0,0,0,0,0,0,0,Positive,1,1,Yes,1,6,Positive,Positive,Positive
129,507,On63,II,Control,Vaccinate,V-CS,Sentinel,DST1,,0,0.017,0.945,0.103,0.155,0.105,0.076,,0,0,1,1,1,1,0,Positive,1,1,Yes,1,5,Positive,Positive,Positive
130,183,On69,II,Control,Control,C-CS,Sentinel,DST1,,0.003,3.688,4.285,1.044,0.875,0.519,0.237,,0,1,1,1,1,1,1,Positive,1,1,Yes,1,13,Positive,Positive,Positive
131,182,On55,II,Control,Control,C-CS,Sentinel,DST1,,0.007,0.058,0.005,0.001,0,0.005,0.024,,0,0,0,0,0,0,0,Positive,1,1,Yes,1,2,Positive,Positive,Positive
132,180,On57,II,Control,Vaccinate,V-CS,Sentinel,DST1,,0.014,-0.033,0,0,0.004,-0.007,NA,,0,0,0,0,0,0,NA,Negative,0,0,No,0,0,Negative,Negative,Negative
133,196,On77,II,Control,Control,C-CS,Sentinel,DST1,,0.015,-0.052,1.538,0.075,0.642,0.146,0.073,,0,0,1,0,1,1,0,Positive,1,1,Yes,1,35,Positive,Positive,Positive
134,199,On76,II,Control,Control,C-CS,Sentinel,DST1,,-0.0121,0.012,0.018,0.004,-0.087,0.008,0.01,,0,0,0,0,0,0,0,Positive,1,1,Yes,1,12,Positive,Positive,Positive
1,119.1.3,43,1,Unvaccinated_Cows,Control,CS,Sentinel_Seeder,PPD-B,0.018,0.011,0.021,-0.003,0.43,0.928,1.214,1.633,0,0,0,0,1,1,1,1,Positive,1,1,Yes,1,116,Positive,Positive,Positive
2,933,46,1,Unvaccinated_Cows,Control,CS,Sentinel_Seeder,PPD-B,0.036,0.036,0.062,3.752,3.286,1.198,2.148,1.797,0,0,0,1,1,1,1,1,Positive,1,1,Yes,1,60,Positive,Positive,Positive
3,893,24,1,Unvaccinated_Cows,Control,CS,Sentinel_Seeder,PPD-B,0.019,0.01,0.008,0.037,0.248,2.473,0.968,1.488,0,0,0,0,1,1,1,1,Positive,1,1,Yes,1,10,Positive,Positive,Positive
4,928,44,1,Unvaccinated_Cows,Control,CS,Sentinel_Seeder,PPD-B,0.013,0.22,2.952,0.071,0.715,0.402,1.146,0.501,0,1,1,0,1,1,1,1,Positive,1,0,Yes,1,15,Negative,Negative,Negative
5,091.1.3,42,1,Unvaccinated_Cows,Control,CS,Sentinel_Seeder,PPD-B,-0.01,0.053,2.603,1.245,0.753,0.694,1.115,0.307,0,0,1,1,1,1,1,1,Positive,1,0,Yes,1,23,Negative,Negative,Negative
6,522,18,1,Unvaccinated_Cows,Control,CS,Sentinel_Seeder,PPD-B,-0.004,-0.019,0.42,1.552,1.042,1.319,0.987,0.808,0,0,1,1,1,1,1,1,Positive,1,1,Yes,1,4,Positive,Positive,Positive
7,891,17,1,Unvaccinated_Cows,Control,CS,Sentinel_Seeder,PPD-B,-0.142,0.039,0.026,1.739,2.46,2.393,2.675,2.683,0,0,0,1,1,1,1,1,Positive,1,1,Yes,1,3,Positive,Positive,Positive
8,870,15,1,Unvaccinated_Cows,Control,CS,Sentinel_Seeder,PPD-B,0.048,0.061,0.256,0.131,1.598,1.76,2.237,2.546,0,0,1,1,1,1,1,1,Positive,1,0,Yes,1,11,Negative,Negative,Negative
9,525,33,1,Unvaccinated_Cows,Control,CS,Sentinel_Seeder,PPD-B,0.01,-0.053,0.09,3.302,3.521,2.264,2.439,3.218,0,0,0,1,1,1,1,1,Positive,1,0,Yes,1,53,Negative,Negative,Negative
10,79,34,1,Unvaccinated_Cows,Control,CS,Sentinel_Seeder,PPD-B,0.008,0.144,0.837,1.468,0.99,0.708,1.636,1.609,0,1,1,1,1,1,1,1,Positive,1,0,Yes,1,2,Negative,Negative,Negative
11,448,27,1,Unvaccinated_Cows,Control,CS,Sentinel_Seeder,PPD-B,0.015,0.017,0.106,1.156,1.375,1.293,0.77,0.759,0,0,1,1,1,1,1,1,Positive,1,1,Yes,1,71,Positive,Positive,Positive
12,880,8,1,Unvaccinated_Cows,Control,CS,Sentinel_Seeder,PPD-B,0.002,0.019,0.036,0.033,1.294,1.637,2.187,4.13,0,0,0,0,1,1,1,1,Positive,1,1,Yes,1,78,Positive,Positive,Positive
13,520,30,1,Unvaccinated_Cows,Control,CS,Sentinel_Seeder,PPD-B,-0.042,0.115,0.117,3.892,1.846,1.835,2.198,3.091,0,1,1,1,1,1,1,1,Positive,1,1,Yes,1,34,Positive,Positive,Positive
14,885,28,1,Unvaccinated_Cows,Control,CS,Sentinel_Seeder,PPD-B,0.005,0.02,0.417,0.363,0.339,0.359,0.986,1.587,0,0,1,1,1,1,1,1,Positive,1,1,Yes,1,12,Positive,Positive,Positive
15,882,25,1,Unvaccinated_Cows,Control,CS,Sentinel_Seeder,PPD-B,0.017,-0.005,-0.015,0.269,2.162,0.708,0.911,1.983,0,0,0,1,1,1,1,1,Positive,1,1,Yes,1,72,Positive,Positive,Positive
16,443,40,1,Unvaccinated_Cows,Control,CS,Sentinel_Seeder,PPD-B,0.009,-0.023,0.151,0.262,0.626,0.441,0.575,1.965,0,0,1,1,1,1,1,1,Positive,1,1,Yes,1,23,Positive,Positive,Positive
17,521,39,1,Unvaccinated_Cows,Control,CS,Sentinel_Seeder,PPD-B,0.005,-0.129,0.017,3.264,0.806,1.068,0.879,0.599,0,0,0,1,1,1,1,1,Positive,1,0,Yes,1,16,Negative,Negative,Negative
18,098.1.1.2,35,1,Unvaccinated_Cows,Vaccinate,VS,Sentinel_Seeder,PPD-B,0.028,0.915,0.497,0.603,1.777,1.573,1.008,2.143,0,1,1,1,1,1,1,1,Positive,1,1,Yes,1,28,Positive,Positive,Positive
19,919,36,1,Unvaccinated_Cows,Vaccinate,VS,Sentinel_Seeder,PPD-B,0.06,0.858,0.257,2.499,1.06,1.707,1.013,1.713,0,1,1,1,1,1,1,1,Positive,1,0,Yes,1,72,Negative,Negative,Negative
20,518,37,1,Unvaccinated_Cows,Vaccinate,VS,Sentinel_Seeder,PPD-B,-0.002,0.029,0.108,NA,NA,NA,NA,NA,0,0,1,NA,NA,NA,NA,NA,Negative,0,0,No,0,0,Negative,Negative,Negative
21,936,45,1,Unvaccinated_Cows,Vaccinate,VS,Sentinel_Seeder,PPD-B,0.007,0.077,0.575,2.146,2.361,0.67,1.246,0.479,0,0,1,1,1,1,1,1,Positive,1,0,Yes,1,5,Negative,Negative,Negative
22,087.2.2,41,1,Unvaccinated_Cows,Vaccinate,VS,Sentinel_Seeder,PPD-B,-0.01,0.003,0.346,0.988,0.338,0.218,0.473,0.343,0,0,1,1,1,1,1,1,Positive,1,0,Yes,1,9,Negative,Negative,Negative
23,890,31,1,Unvaccinated_Cows,Vaccinate,VS,Sentinel_Seeder,PPD-B,-0.006,0.018,0.29,NA,NA,NA,NA,NA,0,0,1,NA,NA,NA,NA,NA,Negative,0,0,No,0,0,Negative,Negative,Negative
24,914,19,1,Unvaccinated_Cows,Vaccinate,VS,Sentinel_Seeder,PPD-B,0.006,0.312,0.119,0.167,0.015,0.047,0.15,0.138,0,1,1,1,0,0,1,1,Positive,1,0,Yes,1,4,Negative,Negative,Negative
25,889,23,1,Unvaccinated_Cows,Vaccinate,VS,Sentinel_Seeder,PPD-B,0.028,0.171,0.253,0.399,0.572,1.996,2.351,2.732,0,1,1,1,1,1,1,1,Positive,1,1,Yes,1,11,Positive,Positive,Positive
26,102.1.1.1,29,1,Unvaccinated_Cows,Vaccinate,VS,Sentinel_Seeder,PPD-B,-0.002,0.819,0.559,0.235,0.08,0.29,0.356,0.249,0,1,1,1,0,1,1,1,Positive,1,1,Yes,1,15,Positive,Positive,Positive
27,77,12,1,Unvaccinated_Cows,Vaccinate,VS,Sentinel_Seeder,PPD-B,0.004,0.14,0.065,0.205,0.366,0.193,0.335,1.244,0,1,0,1,1,1,1,1,Positive,1,1,Yes,1,19,Positive,Positive,Positive
28,901,14,1,Unvaccinated_Cows,Vaccinate,VS,Sentinel_Seeder,PPD-B,0.001,0.051,0.414,0.221,1.316,2.26,2.484,2.049,0,0,1,1,1,1,1,1,Positive,1,1,Yes,1,8,Positive,Positive,Positive
29,902,16,1,Unvaccinated_Cows,Vaccinate,VS,Sentinel_Seeder,PPD-B,0.051,0.025,0.094,0.081,0.012,0.466,0.988,0.922,0,0,0,0,0,1,1,1,Positive,1,1,Yes,1,9,Positive,Positive,Positive
30,875,11,1,Unvaccinated_Cows,Vaccinate,VS,Sentinel_Seeder,PPD-B,0.027,0.289,2.555,1.47,0.363,0.728,0.503,1.627,0,1,1,1,1,1,1,1,Positive,1,1,Yes,1,8,Positive,Positive,Positive
31,895,26,1,Unvaccinated_Cows,Vaccinate,VS,Sentinel_Seeder,PPD-B,0.045,0.093,0.372,0.756,0.217,0.12,0.245,0.159,0,0,1,1,1,1,1,1,Positive,1,0,Yes,1,7,Negative,Negative,Negative
32,524,21,1,Unvaccinated_Cows,Vaccinate,VS,Sentinel_Seeder,PPD-B,0.006,0.246,0.221,0.045,0.046,0.043,0.054,0.11,0,1,1,0,0,0,0,1,Positive,1,1,Yes,1,4,Positive,Positive,Positive
33,449,47,1,Unvaccinated_Cows,Vaccinate,VS,Sentinel_Seeder,PPD-B,0.012,0.199,1.114,1.381,1.927,2.917,3.691,2.159,0,1,1,1,1,1,1,1,Positive,1,1,Yes,1,6,Positive,Positive,Positive
34,84,22,1,Unvaccinated_Cows,Vaccinate,VS,Sentinel_Seeder,PPD-B,-0.015,-0.012,0.077,0.226,0.063,0.04,0.045,0.046,0,0,0,1,0,0,0,0,Positive,1,1,Yes,1,3,Positive,Positive,Positive
35,957,11-Feb,2,Unvaccinated_Cows,Control,CS,Sentinel_Seeder,PPD-B,0.016,0.07,0.091,0.011,0.028,2.733,1.728,3.009,0,0,0,0,0,1,1,1,Positive,1,1,Yes,1,28,Positive,Positive,Positive
36,954,14-Feb,2,Unvaccinated_Cows,Control,CS,Sentinel_Seeder,PPD-B,0.047,0.007,0.083,1.176,0.434,2.59,1.938,3.532,0,0,0,1,1,1,1,1,Positive,1,1,Yes,1,49,Positive,Positive,Positive
37,967,12-Feb,2,Unvaccinated_Cows,Control,CS,Sentinel_Seeder,PPD-B,0.003,0.378,0.024,0.009,0.24,3.859,2.142,2.674,0,1,0,0,1,1,1,1,Positive,1,1,Yes,1,13,Positive,Positive,Positive
38,966,Feb-32,2,Unvaccinated_Cows,Control,CS,Sentinel_Seeder,PPD-B,0.057,0.753,0.114,0.002,0.262,0.025,2.822,2.432,0,1,1,0,1,0,1,1,Positive,1,1,Yes,1,10,Positive,Positive,Positive
39,956,28-Feb,2,Unvaccinated_Cows,Control,CS,Sentinel_Seeder,PPD-B,-0.001,0.181,3.808,0.767,0.807,0.44,0.286,0.881,0,1,1,1,1,1,1,1,Positive,1,1,Yes,1,78,Positive,Positive,Positive
40,960,16-Feb,2,Unvaccinated_Cows,Control,CS,Sentinel_Seeder,PPD-B,0.035,0.039,0.174,1.491,1.095,2.046,0.924,2.768,0,0,1,1,1,1,1,1,Positive,1,1,Yes,1,95,Positive,Positive,Positive
41,54,1-Feb,2,Unvaccinated_Cows,Control,CS,Sentinel_Seeder,PPD-B,0.09,0.051,-0.01,2.005,2.243,3.925,0.982,2.964,0,0,0,1,1,1,1,1,Positive,1,1,Yes,1,39,Positive,Positive,Positive
42,455,6-Feb,2,Unvaccinated_Cows,Control,CS,Sentinel_Seeder,PPD-B,-0.003,-0.05,0.03,0.003,-0.001,0.024,1.165,0.887,0,0,0,0,0,0,1,1,Positive,1,1,Yes,1,38,Positive,Positive,Positive
43,50,15-Feb,2,Unvaccinated_Cows,Control,CS,Sentinel_Seeder,PPD-B,0.052,0.487,0.177,0.071,1.084,2.697,2.482,3.433,0,1,1,0,1,1,1,1,Positive,1,1,Yes,1,12,Positive,Positive,Positive
44,453,8-Feb,2,Unvaccinated_Cows,Control,CS,Sentinel_Seeder,PPD-B,0.011,0.1,1.83,0.639,1.09,0.734,0.853,0.679,0,1,1,1,1,1,1,1,Positive,1,0,Yes,1,8,Negative,Negative,Negative
45,942,17-Feb,2,Unvaccinated_Cows,Control,CS,Sentinel_Seeder,PPD-B,0.004,0.052,1.769,2.209,3.64,3.047,2.632,1.182,0,0,1,1,1,1,1,1,Positive,1,1,Yes,1,13,Positive,Positive,Positive
46,653,Feb-35,2,Unvaccinated_Cows,Control,CS,Sentinel_Seeder,PPD-B,0.038,1.551,3.582,1.366,1.725,1.634,2.346,2.599,0,1,1,1,1,1,1,1,Positive,1,1,Yes,1,31,Positive,Positive,Positive
47,457,10-Feb,2,Unvaccinated_Cows,Control,CS,Sentinel_Seeder,PPD-B,0.054,0.014,3.287,0.629,0.612,1.645,2.197,1.352,0,0,1,1,1,1,1,1,Positive,1,1,Yes,1,14,Positive,Positive,Positive
48,924,2-1P,2,Unvaccinated_Cows,Control,CS,Sentinel_Seeder,PPD-B,0.012,0.179,0.128,0.569,0.989,1.75,2.429,2.854,0,1,1,1,1,1,1,1,Positive,1,0,Yes,1,23,Negative,Negative,Negative
49,938,3-1P,2,Unvaccinated_Cows,Control,CS,Sentinel_Seeder,PPD-B,0.038,0.116,0.002,0.004,-0.013,NA,NA,NA,0,1,0,0,0,NA,NA,NA,Negative,0,0,No,0,0,Negative,Negative,Negative
50,926,8-1P,2,Unvaccinated_Cows,Control,CS,Sentinel_Seeder,PPD-B,0.065,2.842,3.274,1.77,3.146,0.968,1.004,1.049,0,1,1,1,1,1,1,1,Positive,1,1,Yes,1,104,Positive,Positive,Positive
51,964,13-Feb,2,Unvaccinated_Cows,Vaccinate,VS,Sentinel_Seeder,PPD-B,-0.005,0.311,0.294,0.02,0.175,0.019,0.243,0.507,0,1,1,0,1,0,1,1,Positive,1,1,Yes,1,23,Positive,Positive,Positive
52,962,25-Feb,2,Unvaccinated_Cows,Vaccinate,VS,Sentinel_Seeder,PPD-B,0.005,1.51,-0.221,0.113,0.122,0.527,0.663,2.316,0,1,0,1,1,1,1,1,Positive,1,1,Yes,1,16,Positive,Positive,Positive
53,959,9-Feb,2,Unvaccinated_Cows,Vaccinate,VS,Sentinel_Seeder,PPD-B,0.029,0.515,0.5,0.501,0.956,1.003,1.765,1.189,0,1,1,1,1,1,1,1,Positive,1,1,Yes,1,64,Positive,Positive,Positive
54,48,21-Feb,2,Unvaccinated_Cows,Vaccinate,VS,Sentinel_Seeder,PPD-B,0.003,0.513,0.298,0.065,0.009,0.348,0.408,0.459,0,1,1,0,0,1,1,1,Positive,1,1,No,0,0,Positive,Positive,Positive
55,449,Feb-33,2,Unvaccinated_Cows,Vaccinate,VS,Sentinel_Seeder,PPD-B,0.017,2.425,0.603,0.127,0.315,0.636,1.064,0.898,0,1,1,1,1,1,1,1,Positive,1,0,Yes,1,6,Negative,Negative,Negative
56,63,19-Feb,2,Unvaccinated_Cows,Vaccinate,VS,Sentinel_Seeder,PPD-B,0.094,1.965,0.365,0.096,0.234,0.378,0.517,0.751,0,1,1,0,1,1,1,1,Positive,1,1,Yes,1,39,Positive,Positive,Positive
57,948,Feb-36,2,Unvaccinated_Cows,Vaccinate,VS,Sentinel_Seeder,PPD-B,-0.001,0.279,0.004,0.085,1.098,0.849,0.607,2.527,0,1,0,0,1,1,1,1,Positive,1,0,Yes,1,1,Negative,Negative,Negative
58,64,23-Feb,2,Unvaccinated_Cows,Vaccinate,VS,Sentinel_Seeder,PPD-B,-0.002,0.488,0.075,0.012,0.066,0.066,0.366,0.652,0,1,0,0,0,0,1,1,Positive,1,1,Yes,1,4,Positive,Positive,Positive
59,713,27-Feb,2,Unvaccinated_Cows,Vaccinate,VS,Sentinel_Seeder,PPD-B,0,0.337,0.024,-0.079,0.006,-0.026,0.092,0.127,0,1,0,0,0,0,0,1,Positive,1,1,Yes,1,100,Positive,Positive,Positive
60,52,3-Feb,2,Unvaccinated_Cows,Vaccinate,VS,Sentinel_Seeder,PPD-B,-0.01,0.99,3.529,0.224,0.347,0.783,0.629,0.834,0,1,1,1,1,1,1,1,Positive,1,1,Yes,1,35,Positive,Positive,Positive
61,51,7-Feb,2,Unvaccinated_Cows,Vaccinate,VS,Sentinel_Seeder,PPD-B,0.02,0.43,0.172,0.01,0.05,0.07,0.933,1.951,0,1,1,0,0,0,1,1,Positive,1,0,Yes,1,18,Negative,Negative,Negative
62,65,2-Feb,2,Unvaccinated_Cows,Vaccinate,VS,Sentinel_Seeder,PPD-B,0.036,1.019,0.015,0.083,0.049,0.229,2.269,3.695,0,1,0,0,0,1,1,1,Positive,1,0,Yes,1,16,Negative,Negative,Negative
63,945,5-Feb,2,Unvaccinated_Cows,Vaccinate,VS,Sentinel_Seeder,PPD-B,0.012,0.336,0.017,0.002,0.003,1.167,0.093,0.319,0,1,0,0,0,1,0,1,Positive,1,1,Yes,1,6,Positive,Positive,Positive
64,459,4-Feb,2,Unvaccinated_Cows,Vaccinate,VS,Sentinel_Seeder,PPD-B,0.022,0.97,0.126,0.083,0.329,2.618,0.343,1.18,0,1,1,0,1,1,1,1,Positive,1,1,Yes,1,4,Positive,Positive,Positive
65,934,Feb-38,2,Unvaccinated_Cows,Vaccinate,VS,Sentinel_Seeder,PPD-B,0.005,2.884,0.08,0.057,0.075,0.047,2.822,4.183,0,1,0,0,0,0,1,1,Positive,1,1,Yes,1,18,Positive,Positive,Positive
66,85,4-1P,2,Unvaccinated_Cows,Vaccinate,VS,Sentinel_Seeder,PPD-B,0.013,1.935,2.583,0.592,0.853,0.713,1.698,1.336,0,1,1,1,1,1,1,1,Positive,1,1,Yes,1,11,Positive,Positive,Positive
67,445,11-1P,2,Unvaccinated_Cows,Vaccinate,VS,Sentinel_Seeder,PPD-B,0.054,2.517,0.02,0.004,0.022,0.076,0.564,0.224,0,1,0,0,0,0,1,1,Positive,1,1,Yes,1,28,Positive,Positive,Positive
68,202,On34,I,Control,Vaccinate,V-CS,Sentinel,PPD-B,0.341,0.503,0.065,0.006,0.903,2.732,1.614,0.325,1,1,0,0,1,1,1,1,Positive,1,1,No,0,0,Positive,Positive,Positive
69,1105,On35,I,Vaccinate,Control,C-VS,Sentinel,PPD-B,0.018,0.007,-0.005,0.005,0.106,4.396,3.235,3.226,0,0,0,0,1,1,1,1,Positive,1,1,Yes,1,44,Positive,Positive,Positive
70,1128,On12,I,Vaccinate,Vaccinate,V-VS,Sentinel,PPD-B,-0.06,0.768,0.153,0.004,1.057,0.118,0.092,0.136,0,1,1,0,1,1,0,1,Negative,0,0,No,0,0,Negative,Negative,Negative
71,0068H,On19,I,Vaccinate,Vaccinate,V-VS,Sentinel,PPD-B,0.051,0.795,0.095,0.005,0.106,0.317,0.132,0.028,0,1,0,0,1,1,1,0,Positive,1,0,Yes,1,1,Negative,Negative,Negative
72,0067H,On03,I,Vaccinate,Vaccinate,V-VS,Sentinel,PPD-B,0.185,0.066,0.139,0.002,0.052,1.131,1.008,0.125,1,0,1,0,0,1,1,1,Positive,1,1,No,0,0,Positive,Positive,Positive
73,0070H,On17,I,Control,Vaccinate,V-CS,Sentinel,PPD-B,-0.001,1.489,0.001,0,0.258,0.3,0.114,0.03,0,1,0,0,1,1,1,0,Positive,1,0,Yes,1,3,Negative,Negative,Negative
74,497,On15,I,Vaccinate,Vaccinate,V-VS,Sentinel,PPD-B,0.004,0.158,0.14,0.135,0.044,0.161,0.402,0.351,0,1,1,1,0,1,1,1,Positive,1,0,Yes,1,1,Negative,Negative,Negative
75,1135,On05,I,Control,Vaccinate,V-CS,Sentinel,PPD-B,0.09,0.055,0.082,0.103,0.248,1.657,0.796,0.534,0,0,0,1,1,1,1,1,Positive,1,1,Yes,1,2,Positive,Positive,Positive
76,119,On33,I,Vaccinate,Control,C-VS,Sentinel,PPD-B,-0.029,0.214,0.648,0.043,0.127,0.642,0.502,0.281,0,1,1,0,1,1,1,1,Positive,1,1,Yes,1,3,Positive,Positive,Positive
77,1113,On37,I,Vaccinate,Control,C-VS,Sentinel,PPD-B,-0.021,0.051,0.006,0.014,0.102,0.108,0.086,0.059,0,0,0,0,1,1,0,0,Positive,1,0,Yes,1,18,Negative,Negative,Negative
78,120,On32,I,Vaccinate,Vaccinate,V-VS,Sentinel,PPD-B,0.016,1.884,0.924,0.592,0.033,0.176,0.306,0.603,0,1,1,1,0,1,1,1,Negative,0,0,No,0,0,Negative,Negative,Negative
79,078H,On18,I,Control,Control,C-CS,Sentinel,PPD-B,0.022,0.117,0.05,2.503,1.18,2.291,0.916,0.544,0,1,0,1,1,1,1,1,Positive,1,1,Yes,1,6,Positive,Positive,Positive
80,1111,On11,I,Control,Vaccinate,V-CS,Sentinel,PPD-B,0.003,0.269,0.095,0.025,0.011,0.555,0.238,0.563,0,1,0,0,0,1,1,1,Positive,1,1,No,0,0,Positive,Positive,Positive
81,495,On08,I,Control,Vaccinate,V-CS,Sentinel,PPD-B,0.007,0.236,0.114,0.025,0.001,1.706,1.983,0.044,0,1,1,0,0,1,1,0,Positive,1,1,Yes,1,4,Positive,Positive,Positive
82,1074.1,On09,I,Vaccinate,Control,C-VS,Sentinel,PPD-B,-0.04,0.051,0.038,-0.002,0.002,0.087,0.029,0.009,0,0,0,0,0,0,0,0,Positive,1,1,Yes,1,8,Positive,Positive,Positive
83,099.2.3,On39,I,Vaccinate,Control,C-VS,Sentinel,PPD-B,0.051,0.034,0.014,0.007,0.009,0.072,0.263,0.186,0,0,0,0,0,0,1,1,Positive,1,1,Yes,1,2,Positive,Positive,Positive
84,1126,On14,I,Control,Control,C-CS,Sentinel,PPD-B,0.023,0.011,1.373,1.027,1.69,3.005,0.97,1.088,0,0,1,1,1,1,1,1,Positive,1,1,Yes,1,5,Positive,Positive,Positive
85,491,On16,I,Vaccinate,Vaccinate,V-VS,Sentinel,PPD-B,0.023,1.701,0.548,0.04,0.26,0.355,0.315,0.484,0,1,1,0,1,1,1,1,Positive,1,1,Yes,1,4,Positive,Positive,Positive
86,489,On30,I,Vaccinate,Control,C-VS,Sentinel,PPD-B,0.07,0.313,0.016,0.023,0.045,0.111,0.117,1.631,0,1,0,0,0,1,1,1,Positive,1,1,Yes,1,5,Positive,Positive,Positive
87,081H,On31,I,Control,Control,C-CS,Sentinel,PPD-B,0.09,0.311,0.137,0.435,1.004,1.326,0.84,0.359,0,1,1,1,1,1,1,1,Positive,1,1,Yes,1,5,Positive,Positive,Positive
88,Z014.2.2,On38,I,Control,Control,C-CS,Sentinel,PPD-B,0.054,0.15,0.067,-0.022,0.225,1.466,0.858,0.598,0,1,0,0,1,1,1,1,Positive,1,1,Yes,1,65,Positive,Positive,Positive
89,493,On13,I,Control,Vaccinate,V-CS,Sentinel,PPD-B,0.016,0.764,0.166,0.051,0.214,1.64,0.218,1.264,0,1,1,0,1,1,1,1,Negative,0,0,No,0,0,Negative,Negative,Negative
90,A.11.2,On01,I,Vaccinate,Control,C-VS,Sentinel,PPD-B,0.368,0.316,0.101,0.097,0.084,1.481,1.555,0.747,1,1,1,0,0,1,1,1,Positive,1,1,No,0,0,Positive,Positive,Positive
91,204,On04,I,Vaccinate,Control,C-VS,Sentinel,PPD-B,0.089,0.083,0.079,0.024,0.129,0.047,0.172,0.244,0,0,0,0,1,0,1,1,Positive,1,0,Yes,1,3,Negative,Negative,Negative
92,G201,On36,I,Vaccinate,Control,C-VS,Sentinel,PPD-B,-0.022,0.068,0.062,0.043,-0.001,0.056,0.155,0.124,0,0,0,0,0,0,1,1,Negative,0,0,No,0,0,Negative,Negative,Negative
93,03.2.2.1,On20,I,Vaccinate,Vaccinate,V-VS,Sentinel,PPD-B,0.17,0.126,0.11,0.077,0.116,0.12,0.018,0.126,1,1,1,0,1,1,0,1,Positive,1,0,Yes,1,2,Negative,Negative,Negative
94,478,On45,I,Vaccinate,Control,C-VS,Sentinel,PPD-B,0.048,0.144,0.024,0.003,0.087,0.011,0.056,0.163,0,1,0,0,0,0,0,1,Negative,0,0,No,0,0,Negative,Negative,Negative
95,206,On25,I,Control,Vaccinate,V-CS,Sentinel,PPD-B,-0.039,1.227,0.03,0.011,0.134,0.228,0.01,0.024,0,1,0,0,1,1,0,0,Positive,1,0,Yes,1,3,Negative,Negative,Negative
96,475,On28,I,Vaccinate,Control,C-VS,Sentinel,PPD-B,0.293,0.061,0.045,0.146,0.436,0.682,0.109,0.535,1,0,0,1,1,1,1,1,Negative,0,0,No,0,0,Negative,Negative,Negative
97,1160,On48,I,Control,Control,C-CS,Sentinel,PPD-B,-0.002,0.009,0.114,0.127,0.134,1.563,0.382,0.535,0,0,1,1,1,1,1,1,Positive,1,0,Yes,1,2,Negative,Negative,Negative
98,477,On46,I,Control,Control,C-CS,Sentinel,PPD-B,-0.199,0.008,0.001,0.039,0.046,1.194,1.084,0.535,0,0,0,0,0,1,1,1,Positive,1,1,Yes,1,15,Positive,Positive,Positive
99,207,On44,I,Control,Vaccinate,V-CS,Sentinel,PPD-B,0.014,1.041,0.226,0.91,1.288,3.396,1.843,0.535,0,1,1,1,1,1,1,1,Positive,1,1,Yes,1,2,Positive,Positive,Positive
100,055.1.3,On29,I,Control,Control,C-CS,Sentinel,PPD-B,0.06,0.3,0.16,0.27,1.689,2.142,0.218,0.66,0,1,1,1,1,1,1,1,Positive,1,1,Yes,1,3,Positive,Positive,Positive
101,1165,On24,I,Control,Control,C-CS,Sentinel,PPD-B,0.028,-0.004,-0.001,-0.003,0.409,0.872,1.045,0.522,0,0,0,0,1,1,1,1,Positive,1,0,Yes,1,2,Negative,Negative,Negative
102,1141,On22,I,Vaccinate,Control,C-VS,Sentinel,PPD-B,0.101,0.011,0.012,0.017,0.014,0.033,0.025,0.223,1,0,0,0,0,0,0,1,Positive,1,0,Yes,1,3,Negative,Negative,Negative
103,1154,On41,I,Control,Vaccinate,V-CS,Sentinel,PPD-B,0.05,0.015,0.011,-0.004,0.131,0.191,0.092,0.362,0,0,0,0,1,1,0,1,Positive,1,1,Yes,1,6,Positive,Positive,Positive
104,1159,On47,I,Vaccinate,Vaccinate,V-VS,Sentinel,PPD-B,-0.045,1.283,0.326,0.165,0.081,0.709,0.195,0.139,0,1,1,1,0,1,1,1,Negative,0,0,No,0,0,Negative,Negative,Negative
105,1147,On43,I,Control,Vaccinate,V-CS,Sentinel,PPD-B,0.029,0.531,0.15,0.226,0.261,0.597,0.423,0.626,0,1,1,1,1,1,1,1,Negative,0,0,No,0,0,Negative,Negative,Negative
106,96.5,On61,II,Vaccinate,Control,C-VS,Sentinel,PPD-B,0.135,0.021,0.082,0.169,0.423,0.629,1.638,0.814,1,0,0,1,1,1,1,1,Positive,1,1,Yes,1,4,Positive,Positive,Positive
107,099.2.1.1,On51,II,Vaccinate,Vaccinate,V-VS,Sentinel,PPD-B,0.005,0.118,0.046,0.049,0.571,0.054,0.123,0.458,0,1,0,0,1,0,1,1,Positive,1,0,Yes,1,3,Negative,Negative,Negative
108,132,On71,II,Control,Control,C-CS,Sentinel,PPD-B,-0.03,-0.015,0.001,1.328,2.206,0.801,0.516,0.307,0,0,0,1,1,1,1,1,Positive,1,1,Yes,1,10,Positive,Positive,Positive
109,1168,On59,II,Control,Vaccinate,V-CS,Sentinel,PPD-B,0.02,0.019,0.049,0.276,0.344,0.03,0.099,0.185,0,0,0,1,1,0,0,1,Positive,1,1,Yes,1,10,Positive,Positive,Positive
110,1171,On70,II,Control,Control,C-CS,Sentinel,PPD-B,-0.003,0.061,0.044,2.817,2.661,0.451,0.765,0.536,0,0,0,1,1,1,1,1,Positive,1,1,Yes,1,6,Positive,Positive,Positive
111,1174,On62,II,Vaccinate,Control,C-VS,Sentinel,PPD-B,0.025,0.032,0.028,0.157,1.219,0.077,0.054,0.332,0,0,0,1,1,0,0,1,Positive,1,1,Yes,1,6,Positive,Positive,Positive
112,1189,On56,II,Vaccinate,Control,C-VS,Sentinel,PPD-B,0.035,0.007,-0.004,0.041,1.53,-0.06,-0.011,0.014,0,0,0,0,1,0,0,0,Positive,1,1,Yes,1,4,Positive,Positive,Positive
113,1192,On49,II,Vaccinate,Control,C-VS,Sentinel,PPD-B,-0.084,0.006,0.005,0.056,0.018,0.04,0.063,0.045,0,0,0,0,0,0,0,0,Positive,1,1,Yes,1,3,Positive,Negative,Positive
114,1196,On68,II,Control,Vaccinate,V-CS,Sentinel,PPD-B,0.017,0.04,NA,NA,NA,NA,NA,NA,0,0,NA,NA,NA,NA,NA,NA,Negative,0,0,No,0,0,Negative,Negative,Negative
115,1198,On78,II,Vaccinate,Vaccinate,V-VS,Sentinel,PPD-B,0.061,1.014,3.187,4.403,NA,NA,NA,NA,0,1,1,1,NA,NA,NA,NA,Positive,1,1,Yes,1,58,Positive,Positive,Positive
116,110.3.4,On50,II,Control,Vaccinate,V-CS,Sentinel,PPD-B,0.079,0.05,0.427,0.244,2.132,0.132,0.613,0.753,0,0,1,1,1,1,1,1,Positive,1,1,Yes,1,7,Positive,Positive,Positive
117,081.1.4,On54,II,Vaccinate,Vaccinate,V-VS,Sentinel,PPD-B,0.078,0.018,0.069,0.163,0.143,0.554,0.207,0.263,0,0,0,1,1,1,1,1,Positive,1,1,Yes,1,11,Positive,Positive,Positive
118,087.2.3,On72,II,Vaccinate,Vaccinate,V-VS,Sentinel,PPD-B,-0.002,0.006,0.063,0.106,0.118,0.057,0.052,0.013,0,0,0,1,1,0,0,0,Positive,1,1,No,0,1,Positive,Positive,Positive
119,024.2.1.1,On75,II,Control,Control,C-CS,Sentinel,PPD-B,-0.032,-0.092,NA,NA,NA,NA,NA,NA,0,0,NA,NA,NA,NA,NA,NA,Negative,0,0,No,0,0,Negative,Negative,Negative
120,083.3.4,On60,II,Vaccinate,Control,C-VS,Sentinel,PPD-B,0.078,-0.07,0.043,0.091,0.966,0.065,0.483,0.295,0,0,0,0,1,0,1,1,Positive,1,0,Yes,1,4,Negative,Negative,Negative
121,08.2.4.4,On58,II,Vaccinate,Control,C-VS,Sentinel,PPD-B,0.056,-0.053,0.058,2.234,1.945,0.111,0.118,0.24,0,0,0,1,1,1,1,1,Positive,1,0,Yes,1,13,Negative,Negative,Negative
122,410.1.1.2,On67,II,Vaccinate,Vaccinate,V-VS,Sentinel,PPD-B,0.046,0.009,0.094,0.039,0.018,0.012,0.041,0.028,0,0,0,0,0,0,0,0,Positive,1,1,Yes,1,3,Positive,Positive,Positive
123,135,On52,II,Vaccinate,Vaccinate,V-VS,Sentinel,PPD-B,0.048,-0.077,0.176,0.179,0.587,0.311,0.567,0.317,0,0,1,1,1,1,1,1,Positive,1,1,Yes,1,2,Positive,Positive,Positive
124,139,On53,II,Control,Vaccinate,V-CS,Sentinel,PPD-B,0.042,0.181,0.513,2.829,0.52,0.456,0.38,0.223,0,1,1,1,1,1,1,1,Positive,1,1,Yes,1,1,Positive,Positive,Positive
125,140,On66,II,Control,Vaccinate,V-CS,Sentinel,PPD-B,0.012,0.058,0.148,0.504,0.119,3.53,0.161,0.34,0,0,1,1,1,1,1,1,Positive,1,1,No,0,0,Positive,Positive,Positive
126,501,On65,II,Vaccinate,Vaccinate,V-VS,Sentinel,PPD-B,0.025,0.191,0.048,0.187,1.011,0.003,0.111,0.202,0,1,0,1,1,0,1,1,Positive,1,1,Yes,1,4,Positive,Positive,Positive
127,503,On73,II,Control,Control,C-CS,Sentinel,PPD-B,0.039,0.061,0.049,1.459,0.755,1.734,0.354,0.254,0,0,0,1,1,1,1,1,Positive,1,1,Yes,1,5,Positive,Positive,Positive
128,505,On64,II,Vaccinate,Vaccinate,V-VS,Sentinel,PPD-B,-0.011,0.185,0.295,0.241,0.852,1.181,0.176,0.391,0,1,1,1,1,1,1,1,Positive,1,1,Yes,1,6,Positive,Positive,Positive
129,507,On63,II,Control,Vaccinate,V-CS,Sentinel,PPD-B,-0.001,0.133,0.045,3.749,0.612,0.742,0.344,0.621,0,1,0,1,1,1,1,1,Positive,1,1,Yes,1,5,Positive,Positive,Positive
130,183,On69,II,Control,Control,C-CS,Sentinel,PPD-B,0.009,0.153,4.138,4.316,2.344,1.256,1.644,0.864,0,1,1,1,1,1,1,1,Positive,1,1,Yes,1,13,Positive,Positive,Positive
131,182,On55,II,Control,Control,C-CS,Sentinel,PPD-B,0.135,0.237,0.11,0.776,0.335,0.038,0.066,0.036,1,1,1,1,1,0,0,0,Positive,1,1,Yes,1,2,Positive,Positive,Positive
132,180,On57,II,Control,Vaccinate,V-CS,Sentinel,PPD-B,0.043,0.175,0.038,0.51,0.104,0.088,0.056,NA,0,1,0,1,1,0,0,NA,Negative,0,0,No,0,0,Negative,Negative,Negative
133,196,On77,II,Control,Control,C-CS,Sentinel,PPD-B,-0.186,0.261,-0.053,2.925,0.284,1.145,0.772,0.327,0,1,0,1,1,1,1,1,Positive,1,1,Yes,1,35,Positive,Positive,Positive
134,199,On76,II,Control,Control,C-CS,Sentinel,PPD-B,0.04,1.337,0.017,0.076,0.162,-0.091,0.035,0.056,0,1,0,0,1,0,0,0,Positive,1,1,Yes,1,12,Positive,Positive,Positive
1,119.1.3,43,1,Unvaccinated_Cows,Control,CS,Sentinel_Seeder,PPD(B-A),0.003,0.014,0.024,-0.005,0.408,0.864,1.125,1.517,0,0,0,0,1,1,1,1,Positive,1,1,Yes,1,116,Positive,Positive,Positive
2,933,46,1,Unvaccinated_Cows,Control,CS,Sentinel_Seeder,PPD(B-A),-0.008,-0.264,0.001,2.518,2.851,1.141,1.865,1.538,0,0,0,1,1,1,1,1,Positive,1,1,Yes,1,60,Positive,Positive,Positive
3,893,24,1,Unvaccinated_Cows,Control,CS,Sentinel_Seeder,PPD(B-A),-0.003,-0.097,-0.004,0.025,0.149,2.259,0.947,1.336,0,0,0,0,1,1,1,1,Positive,1,1,Yes,1,10,Positive,Positive,Positive
4,928,44,1,Unvaccinated_Cows,Control,CS,Sentinel_Seeder,PPD(B-A),-0.028,-0.068,1.431,0.066,0.478,0.426,1.184,0.399,0,0,1,0,1,1,1,1,Positive,1,0,Yes,1,15,Negative,Negative,Negative
5,091.1.3,42,1,Unvaccinated_Cows,Control,CS,Sentinel_Seeder,PPD(B-A),-0.014,-1.574,1.792,1.012,0.48,0.672,1.115,0.24,0,0,1,1,1,1,1,1,Positive,1,0,Yes,1,23,Negative,Negative,Negative
6,522,18,1,Unvaccinated_Cows,Control,CS,Sentinel_Seeder,PPD(B-A),0.003,-0.004,0.256,1.454,-1.202,1.25,0.891,0.76,0,0,1,1,0,1,1,1,Positive,1,1,Yes,1,4,Positive,Positive,Positive
7,891,17,1,Unvaccinated_Cows,Control,CS,Sentinel_Seeder,PPD(B-A),-0.002,-0.034,0.012,1.346,2.161,2.144,2.312,2.015,0,0,0,1,1,1,1,1,Positive,1,1,Yes,1,3,Positive,Positive,Positive
8,870,15,1,Unvaccinated_Cows,Control,CS,Sentinel_Seeder,PPD(B-A),-0.008,0.061,-0.054,-0.139,1.45,1.589,1.953,2.188,0,0,0,0,1,1,1,1,Positive,1,0,Yes,1,11,Negative,Negative,Negative
9,525,33,1,Unvaccinated_Cows,Control,CS,Sentinel_Seeder,PPD(B-A),-0.018,-0.037,-0.028,2.368,2.284,2.16,1.935,2.423,0,0,0,1,1,1,1,1,Positive,1,0,Yes,1,53,Negative,Negative,Negative
10,79,34,1,Unvaccinated_Cows,Control,CS,Sentinel_Seeder,PPD(B-A),-0.02,-0.55,0.834,0.548,0.898,0.638,1.28,1.187,0,0,1,1,1,1,1,1,Positive,1,0,Yes,1,2,Negative,Negative,Negative
11,448,27,1,Unvaccinated_Cows,Control,CS,Sentinel_Seeder,PPD(B-A),0.002,-0.044,-0.008,1.115,1.357,1.202,0.692,0.66,0,0,0,1,1,1,1,1,Positive,1,1,Yes,1,71,Positive,Positive,Positive
12,880,8,1,Unvaccinated_Cows,Control,CS,Sentinel_Seeder,PPD(B-A),0.006,0.013,0.077,0.004,1.148,1.456,1.677,3.428,0,0,0,0,1,1,1,1,Positive,1,1,Yes,1,78,Positive,Positive,Positive
13,520,30,1,Unvaccinated_Cows,Control,CS,Sentinel_Seeder,PPD(B-A),-0.042,-0.064,-0.087,2.061,1.763,1.671,1.885,2.578,0,0,0,1,1,1,1,1,Positive,1,1,Yes,1,34,Positive,Positive,Positive
14,885,28,1,Unvaccinated_Cows,Control,CS,Sentinel_Seeder,PPD(B-A),-0.014,-0.005,-0.235,0.006,0.32,0.311,0.746,1.392,0,0,0,0,1,1,1,1,Positive,1,1,Yes,1,12,Positive,Positive,Positive
15,882,25,1,Unvaccinated_Cows,Control,CS,Sentinel_Seeder,PPD(B-A),0.015,-0.058,-0.042,0.02,2.03,0.699,0.792,1.698,0,0,0,0,1,1,1,1,Positive,1,1,Yes,1,72,Positive,Positive,Positive
16,443,40,1,Unvaccinated_Cows,Control,CS,Sentinel_Seeder,PPD(B-A),-0.001,0.011,-0.084,0.094,0.674,0.409,0.312,1.43,0,0,0,0,1,1,1,1,Positive,1,1,Yes,1,23,Positive,Positive,Positive
17,521,39,1,Unvaccinated_Cows,Control,CS,Sentinel_Seeder,PPD(B-A),-0.002,0.004,-0.038,0.639,0.54,0.867,0.547,0.351,0,0,0,1,1,1,1,1,Positive,1,0,Yes,1,16,Negative,Negative,Negative
18,098.1.1.2,35,1,Unvaccinated_Cows,Vaccinate,VS,Sentinel_Seeder,PPD(B-A),0.01,0.127,0.17,0.568,1.446,1.41,0.838,1.75,0,1,1,1,1,1,1,1,Positive,1,1,Yes,1,28,Positive,Positive,Positive
19,919,36,1,Unvaccinated_Cows,Vaccinate,VS,Sentinel_Seeder,PPD(B-A),0.044,-1.062,-0.009,2.292,0.982,1.604,0.793,1.521,0,0,0,1,1,1,1,1,Positive,1,0,Yes,1,72,Negative,Negative,Negative
20,518,37,1,Unvaccinated_Cows,Vaccinate,VS,Sentinel_Seeder,PPD(B-A),0.006,0.076,0.054,NA,NA,NA,NA,NA,0,0,0,NA,NA,NA,NA,NA,Negative,0,0,No,0,0,Negative,Negative,Negative
21,936,45,1,Unvaccinated_Cows,Vaccinate,VS,Sentinel_Seeder,PPD(B-A),-0.007,0.031,0.372,1.694,2.052,0.64,0.946,0.386,0,0,1,1,1,1,1,1,Positive,1,0,Yes,1,5,Negative,Negative,Negative
22,087.2.2,41,1,Unvaccinated_Cows,Vaccinate,VS,Sentinel_Seeder,PPD(B-A),-0.002,-0.023,0.204,0.417,0.33,0.205,0.33,0.33,0,0,1,1,1,1,1,1,Positive,1,0,Yes,1,9,Negative,Negative,Negative
23,890,31,1,Unvaccinated_Cows,Vaccinate,VS,Sentinel_Seeder,PPD(B-A),-0.008,0.034,-0.038,NA,NA,NA,NA,NA,0,0,0,NA,NA,NA,NA,NA,Negative,0,0,No,0,0,Negative,Negative,Negative
24,914,19,1,Unvaccinated_Cows,Vaccinate,VS,Sentinel_Seeder,PPD(B-A),-0.003,0.059,-0.06,0.023,0.019,0.035,0.002,-0.052,0,0,0,0,0,0,0,0,Positive,1,0,Yes,1,4,Negative,Negative,Negative
25,889,23,1,Unvaccinated_Cows,Vaccinate,VS,Sentinel_Seeder,PPD(B-A),-0.018,-0.061,0.146,0.087,0.429,1.586,2.032,2.356,0,0,1,0,1,1,1,1,Positive,1,1,Yes,1,11,Positive,Positive,Positive
26,102.1.1.1,29,1,Unvaccinated_Cows,Vaccinate,VS,Sentinel_Seeder,PPD(B-A),-0.024,0.182,0.322,0.002,0.041,0.177,0.067,0.187,0,1,1,0,0,1,0,1,Positive,1,1,Yes,1,15,Positive,Positive,Positive
27,77,12,1,Unvaccinated_Cows,Vaccinate,VS,Sentinel_Seeder,PPD(B-A),0,0.057,0.022,0.021,0.274,0.167,0.288,1.051,0,0,0,0,1,1,1,1,Positive,1,1,Yes,1,19,Positive,Positive,Positive
28,901,14,1,Unvaccinated_Cows,Vaccinate,VS,Sentinel_Seeder,PPD(B-A),0.002,0.036,0.035,0.124,1.189,2.11,2.07,1.68,0,0,0,1,1,1,1,1,Positive,1,1,Yes,1,8,Positive,Positive,Positive
29,902,16,1,Unvaccinated_Cows,Vaccinate,VS,Sentinel_Seeder,PPD(B-A),-0.013,-0.004,0.069,0.029,0.018,0.449,0.862,0.848,0,0,0,0,0,1,1,1,Positive,1,1,Yes,1,9,Positive,Positive,Positive
30,875,11,1,Unvaccinated_Cows,Vaccinate,VS,Sentinel_Seeder,PPD(B-A),0.024,0.182,2.093,1.064,0.343,0.703,0.455,1.352,0,1,1,1,1,1,1,1,Positive,1,1,Yes,1,8,Positive,Positive,Positive
31,895,26,1,Unvaccinated_Cows,Vaccinate,VS,Sentinel_Seeder,PPD(B-A),-0.018,0.024,0.22,0.225,0.151,0.129,0.218,0.119,0,0,1,1,1,1,1,1,Positive,1,0,Yes,1,7,Negative,Negative,Negative
32,524,21,1,Unvaccinated_Cows,Vaccinate,VS,Sentinel_Seeder,PPD(B-A),-0.003,0.044,0.061,0.003,-0.006,0.013,-0.02,-0.33,0,0,0,0,0,0,0,0,Positive,1,1,Yes,1,4,Positive,Positive,Positive
33,449,47,1,Unvaccinated_Cows,Vaccinate,VS,Sentinel_Seeder,PPD(B-A),-0.029,0.118,1.09,1.264,1.785,2.729,3.356,2.036,0,1,1,1,1,1,1,1,Positive,1,1,Yes,1,6,Positive,Positive,Positive
34,84,22,1,Unvaccinated_Cows,Vaccinate,VS,Sentinel_Seeder,PPD(B-A),-0.015,-0.057,0.056,0.201,0.051,0.038,0.044,0.045,0,0,0,1,0,0,0,0,Positive,1,1,Yes,1,3,Positive,Positive,Positive
35,957,11-Feb,2,Unvaccinated_Cows,Control,CS,Sentinel_Seeder,PPD(B-A),-0.013,-0.466,-0.113,0.007,-0.006,2.29,1.577,2.591,0,0,0,0,0,1,1,1,Positive,1,1,Yes,1,28,Positive,Positive,Positive
36,954,14-Feb,2,Unvaccinated_Cows,Control,CS,Sentinel_Seeder,PPD(B-A),0.003,-0.056,-0.09,1.148,0.369,2.416,1.8,3.228,0,0,0,1,1,1,1,1,Positive,1,1,Yes,1,49,Positive,Positive,Positive
37,967,12-Feb,2,Unvaccinated_Cows,Control,CS,Sentinel_Seeder,PPD(B-A),-0.005,-0.148,-0.024,0.008,0.18,3.177,1.929,2.376,0,0,0,0,1,1,1,1,Positive,1,1,Yes,1,13,Positive,Positive,Positive
38,966,Feb-32,2,Unvaccinated_Cows,Control,CS,Sentinel_Seeder,PPD(B-A),-0.02,-0.711,-0.013,0.003,0.216,-0.009,2.334,2.001,0,0,0,0,1,0,1,1,Positive,1,1,Yes,1,10,Positive,Positive,Positive
39,956,28-Feb,2,Unvaccinated_Cows,Control,CS,Sentinel_Seeder,PPD(B-A),-0.001,-0.349,3.003,0.697,0.721,0.441,0.27,0.814,0,0,1,1,1,1,1,1,Positive,1,1,Yes,1,78,Positive,Positive,Positive
40,960,16-Feb,2,Unvaccinated_Cows,Control,CS,Sentinel_Seeder,PPD(B-A),0.015,-0.005,0.141,1.336,0.988,1.872,0.471,2.361,0,0,1,1,1,1,1,1,Positive,1,1,Yes,1,95,Positive,Positive,Positive
41,54,1-Feb,2,Unvaccinated_Cows,Control,CS,Sentinel_Seeder,PPD(B-A),-0.022,-0.003,0.042,1.81,2.101,2.904,0.714,2.458,0,0,0,1,1,1,1,1,Positive,1,1,Yes,1,39,Positive,Positive,Positive
42,455,6-Feb,2,Unvaccinated_Cows,Control,CS,Sentinel_Seeder,PPD(B-A),-0.012,0.003,0.027,0.001,0.002,-0.016,-0.699,0.797,0,0,0,0,0,0,0,1,Positive,1,1,Yes,1,38,Positive,Positive,Positive
43,50,15-Feb,2,Unvaccinated_Cows,Control,CS,Sentinel_Seeder,PPD(B-A),0.02,-0.411,0.103,0.075,0.997,2.411,1.948,3.051,0,0,1,0,1,1,1,1,Positive,1,1,Yes,1,12,Positive,Positive,Positive
44,453,8-Feb,2,Unvaccinated_Cows,Control,CS,Sentinel_Seeder,PPD(B-A),0.008,-0.124,1.376,0.45,0.602,0.488,0.284,0.301,0,0,1,1,1,1,1,1,Positive,1,0,Yes,1,8,Negative,Negative,Negative
45,942,17-Feb,2,Unvaccinated_Cows,Control,CS,Sentinel_Seeder,PPD(B-A),-0.046,-0.086,1.187,2.179,2.788,2.593,1.154,0.788,0,0,1,1,1,1,1,1,Positive,1,1,Yes,1,13,Positive,Positive,Positive
46,653,Feb-35,2,Unvaccinated_Cows,Control,CS,Sentinel_Seeder,PPD(B-A),0.03,-0.702,3.12,1.32,1.658,1.421,2.077,2.368,0,0,1,1,1,1,1,1,Positive,1,1,Yes,1,31,Positive,Positive,Positive
47,457,10-Feb,2,Unvaccinated_Cows,Control,CS,Sentinel_Seeder,PPD(B-A),-0.048,-0.005,2.7,0.604,0.586,1.517,1.996,1.007,0,0,1,1,1,1,1,1,Positive,1,1,Yes,1,14,Positive,Positive,Positive
48,924,2-1P,2,Unvaccinated_Cows,Control,CS,Sentinel_Seeder,PPD(B-A),-0.023,-0.167,-0.025,0.543,0.906,1.539,1.944,2.316,0,0,0,1,1,1,1,1,Positive,1,0,Yes,1,23,Negative,Negative,Negative
49,938,3-1P,2,Unvaccinated_Cows,Control,CS,Sentinel_Seeder,PPD(B-A),-0.195,-0.034,-0.043,-0.007,0.001,NA,NA,NA,0,0,0,0,0,NA,NA,NA,Negative,0,0,No,0,0,Negative,Negative,Negative
50,926,8-1P,2,Unvaccinated_Cows,Control,CS,Sentinel_Seeder,PPD(B-A),-0.082,0.247,1.205,1.687,2.534,0.738,0.483,0.961,0,1,1,1,1,1,1,1,Positive,1,1,Yes,1,104,Positive,Positive,Positive
51,964,13-Feb,2,Unvaccinated_Cows,Vaccinate,VS,Sentinel_Seeder,PPD(B-A),-0.004,0.203,0.182,0.021,0.161,0.014,0.227,0.442,0,1,1,0,1,0,1,1,Positive,1,1,Yes,1,23,Positive,Positive,Positive
52,962,25-Feb,2,Unvaccinated_Cows,Vaccinate,VS,Sentinel_Seeder,PPD(B-A),0,0.272,0.09,0.099,0.057,0.22,0.24,1.561,0,1,0,0,0,1,1,1,Positive,1,1,Yes,1,16,Positive,Positive,Positive
53,959,9-Feb,2,Unvaccinated_Cows,Vaccinate,VS,Sentinel_Seeder,PPD(B-A),-0.01,0,0.434,0.454,0.912,0.882,1.443,1.175,0,0,1,1,1,1,1,1,Positive,1,1,Yes,1,64,Positive,Positive,Positive
54,48,21-Feb,2,Unvaccinated_Cows,Vaccinate,VS,Sentinel_Seeder,PPD(B-A),-0.001,0.309,0.272,0.041,0.014,0.221,0.003,0.406,0,1,1,0,0,1,0,1,Positive,1,1,No,0,0,Positive,Positive,Positive
55,449,Feb-33,2,Unvaccinated_Cows,Vaccinate,VS,Sentinel_Seeder,PPD(B-A),-0.023,0.965,0.389,0.108,0.236,0.523,0.715,0.758,0,1,1,1,1,1,1,1,Positive,1,0,Yes,1,6,Negative,Negative,Negative
56,63,19-Feb,2,Unvaccinated_Cows,Vaccinate,VS,Sentinel_Seeder,PPD(B-A),0.017,0.27,0.25,0.083,0.218,0.31,0.299,0.452,0,1,1,0,1,1,1,1,Positive,1,1,Yes,1,39,Positive,Positive,Positive
57,948,Feb-36,2,Unvaccinated_Cows,Vaccinate,VS,Sentinel_Seeder,PPD(B-A),0,-0.019,-0.04,0.087,0.976,0.636,0.373,2.008,0,0,0,0,1,1,1,1,Positive,1,0,Yes,1,1,Negative,Negative,Negative
58,64,23-Feb,2,Unvaccinated_Cows,Vaccinate,VS,Sentinel_Seeder,PPD(B-A),-0.001,-0.147,0.022,0.002,0.023,0.045,-0.011,0.336,0,0,0,0,0,0,0,1,Positive,1,1,Yes,1,4,Positive,Positive,Positive
59,713,27-Feb,2,Unvaccinated_Cows,Vaccinate,VS,Sentinel_Seeder,PPD(B-A),-0.012,0.171,0,-0.007,-0.008,0.003,-0.013,0.011,0,1,0,0,0,0,0,0,Positive,1,1,Yes,1,100,Positive,Positive,Positive
60,52,3-Feb,2,Unvaccinated_Cows,Vaccinate,VS,Sentinel_Seeder,PPD(B-A),-0.066,0.068,1.69,0.21,0.328,0.674,0.549,0.635,0,0,1,1,1,1,1,1,Positive,1,1,Yes,1,35,Positive,Positive,Positive
61,51,7-Feb,2,Unvaccinated_Cows,Vaccinate,VS,Sentinel_Seeder,PPD(B-A),0.016,0.226,0.012,-0.015,0.024,0.072,0.662,1.336,0,1,0,0,0,0,1,1,Positive,1,0,Yes,1,18,Negative,Negative,Negative
62,65,2-Feb,2,Unvaccinated_Cows,Vaccinate,VS,Sentinel_Seeder,PPD(B-A),-0.071,0.165,-0.012,0.008,0.021,0.209,1.971,3.059,0,1,0,0,0,1,1,1,Positive,1,0,Yes,1,16,Negative,Negative,Negative
63,945,5-Feb,2,Unvaccinated_Cows,Vaccinate,VS,Sentinel_Seeder,PPD(B-A),-0.012,0.091,0.007,0.006,-0.004,1.186,0.048,0.275,0,0,0,0,0,1,0,1,Positive,1,1,Yes,1,6,Positive,Positive,Positive
64,459,4-Feb,2,Unvaccinated_Cows,Vaccinate,VS,Sentinel_Seeder,PPD(B-A),-0.015,0.64,0.12,0.062,0.276,2.221,0.232,0.821,0,1,1,0,1,1,1,1,Positive,1,1,Yes,1,4,Positive,Positive,Positive
65,934,Feb-38,2,Unvaccinated_Cows,Vaccinate,VS,Sentinel_Seeder,PPD(B-A),0.001,0.316,-0.004,0.016,0.053,-0.012,2.145,2.226,0,1,0,0,0,0,1,1,Positive,1,1,Yes,1,18,Positive,Positive,Positive
66,85,4-1P,2,Unvaccinated_Cows,Vaccinate,VS,Sentinel_Seeder,PPD(B-A),0.005,0.386,2.348,0.567,0.794,0.631,1.307,1.099,0,1,1,1,1,1,1,1,Positive,1,1,Yes,1,11,Positive,Positive,Positive
67,445,11-1P,2,Unvaccinated_Cows,Vaccinate,VS,Sentinel_Seeder,PPD(B-A),0.012,0.351,0.005,-0.003,0.015,0.034,0.215,0.184,0,1,0,0,0,0,1,1,Positive,1,1,Yes,1,28,Positive,Positive,Positive
68,202,On34,I,Control,Vaccinate,V-CS,Sentinel,PPD(B-A),-0.931,0.346,0.024,0.012,0.552,1.612,1.358,0.221,0,1,0,0,1,1,1,1,Positive,1,1,No,0,0,Positive,Positive,Positive
69,1105,On35,I,Vaccinate,Control,C-VS,Sentinel,PPD(B-A),-0.021,0,-0.006,0.008,-0.229,3.574,2.794,2.508,0,0,0,0,0,1,1,1,Positive,1,1,Yes,1,44,Positive,Positive,Positive
70,1128,On12,I,Vaccinate,Vaccinate,V-VS,Sentinel,PPD(B-A),-0.065,0.329,-0.061,0,0.652,-0.02,-0.016,0.017,0,1,0,0,1,0,0,0,Negative,0,0,No,0,0,Negative,Negative,Negative
71,0068H,On19,I,Vaccinate,Vaccinate,V-VS,Sentinel,PPD(B-A),-0.113,0.567,-0.01,-0.001,0.021,0.072,0.036,0.014,0,1,0,0,0,0,0,0,Positive,1,0,Yes,1,1,Negative,Negative,Negative
72,0067H,On03,I,Vaccinate,Vaccinate,V-VS,Sentinel,PPD(B-A),0.022,0.041,0.024,0,0.005,1.123,0.959,0.059,0,0,0,0,0,1,1,0,Positive,1,1,No,0,0,Positive,Positive,Positive
73,0070H,On17,I,Control,Vaccinate,V-CS,Sentinel,PPD(B-A),-0.003,1.397,-0.037,0.002,0.119,0.107,0.083,-0.008,0,1,0,0,1,1,0,0,Positive,1,0,Yes,1,3,Negative,Negative,Negative
74,497,On15,I,Vaccinate,Vaccinate,V-VS,Sentinel,PPD(B-A),-0.014,0.092,0.048,0.106,0.022,0.079,0.184,0.133,0,0,0,1,0,0,1,1,Positive,1,0,Yes,1,1,Negative,Negative,Negative
75,1135,On05,I,Control,Vaccinate,V-CS,Sentinel,PPD(B-A),-0.2,0.052,0.059,0.092,0.221,1.387,0.645,0.307,0,0,0,0,1,1,1,1,Positive,1,1,Yes,1,2,Positive,Positive,Positive
76,119,On33,I,Vaccinate,Control,C-VS,Sentinel,PPD(B-A),-0.086,0.167,0.345,0.039,0.101,0.287,0.296,0.164,0,1,1,0,1,1,1,1,Positive,1,1,Yes,1,3,Positive,Positive,Positive
77,1113,On37,I,Vaccinate,Control,C-VS,Sentinel,PPD(B-A),0.005,-0.096,-0.016,-0.001,-0.002,-0.013,-0.062,-0.014,0,0,0,0,0,0,0,0,Positive,1,0,Yes,1,18,Negative,Negative,Negative
78,120,On32,I,Vaccinate,Vaccinate,V-VS,Sentinel,PPD(B-A),0.014,1.041,0.448,0.301,0.02,-0.039,0.223,0.355,0,1,1,1,0,0,1,1,Negative,0,0,No,0,0,Negative,Negative,Negative
79,078H,On18,I,Control,Control,C-CS,Sentinel,PPD(B-A),-0.007,-0.067,-0.031,2.245,1.048,1.746,0.831,0.473,0,0,0,1,1,1,1,1,Positive,1,1,Yes,1,6,Positive,Positive,Positive
80,1111,On11,I,Control,Vaccinate,V-CS,Sentinel,PPD(B-A),-0.072,0.093,0.036,0.026,-0.002,0.28,0.173,0.238,0,0,0,0,0,1,1,1,Positive,1,1,No,0,0,Positive,Positive,Positive
81,495,On08,I,Control,Vaccinate,V-CS,Sentinel,PPD(B-A),-0.002,0.081,0.069,-0.009,0.001,1.613,1.889,-0.022,0,0,0,0,0,1,1,0,Positive,1,1,Yes,1,4,Positive,Positive,Positive
82,1074.1,On09,I,Vaccinate,Control,C-VS,Sentinel,PPD(B-A),-0.017,-0.039,0.014,-0.022,-0.032,0.022,-0.017,-0.044,0,0,0,0,0,0,0,0,Positive,1,1,Yes,1,8,Positive,Positive,Positive
83,099.2.3,On39,I,Vaccinate,Control,C-VS,Sentinel,PPD(B-A),-0.03,0.008,-0.028,-0.008,-0.048,-0.001,0.073,0.068,0,0,0,0,0,0,0,0,Positive,1,1,Yes,1,2,Positive,Positive,Positive
84,1126,On14,I,Control,Control,C-CS,Sentinel,PPD(B-A),-0.006,-0.004,1.165,0.985,1.405,2.575,0.923,0.916,0,0,1,1,1,1,1,1,Positive,1,1,Yes,1,5,Positive,Positive,Positive
85,491,On16,I,Vaccinate,Vaccinate,V-VS,Sentinel,PPD(B-A),-0.005,1.335,0.035,0.019,0.175,0.168,0.176,0.196,0,1,0,0,1,1,1,1,Positive,1,1,Yes,1,4,Positive,Positive,Positive
86,489,On30,I,Vaccinate,Control,C-VS,Sentinel,PPD(B-A),-0.013,0.077,-0.025,-0.003,-0.015,0.043,0.044,0.705,0,0,0,0,0,0,0,1,Positive,1,1,Yes,1,5,Positive,Positive,Positive
87,081H,On31,I,Control,Control,C-CS,Sentinel,PPD(B-A),-0.08,-0.023,0.107,0.392,0.511,1.109,0.617,0.253,0,0,1,1,1,1,1,1,Positive,1,1,Yes,1,5,Positive,Positive,Positive
88,Z014.2.2,On38,I,Control,Control,C-CS,Sentinel,PPD(B-A),-0.042,0.12,0.033,-0.01,0.202,1.357,0.806,0.52,0,1,0,0,1,1,1,1,Positive,1,1,Yes,1,65,Positive,Positive,Positive
89,493,On13,I,Control,Vaccinate,V-CS,Sentinel,PPD(B-A),0.038,0.14,0.029,-0.026,0.015,0.273,0.081,-0.469,0,1,0,0,0,1,0,0,Negative,0,0,No,0,0,Negative,Negative,Negative
90,A.11.2,On01,I,Vaccinate,Control,C-VS,Sentinel,PPD(B-A),-0.038,0.139,0.039,-0.041,-0.14,1.281,0.424,-0.581,0,1,0,0,0,1,1,0,Positive,1,1,No,0,0,Positive,Positive,Positive
91,204,On04,I,Vaccinate,Control,C-VS,Sentinel,PPD(B-A),0.006,0.004,-0.016,-0.176,-0.145,-0.056,-0.064,-0.124,0,0,0,0,0,0,0,0,Positive,1,0,Yes,1,3,Negative,Negative,Negative
92,G201,On36,I,Vaccinate,Control,C-VS,Sentinel,PPD(B-A),-0.073,-0.005,-0.011,-0.108,-0.024,-0.048,-0.026,-0.102,0,0,0,0,0,0,0,0,Negative,0,0,No,0,0,Negative,Negative,Negative
93,03.2.2.1,On20,I,Vaccinate,Vaccinate,V-VS,Sentinel,PPD(B-A),-0.2,-0.033,0.046,-0.005,0.03,0.009,-0.002,-0.043,0,0,0,0,0,0,0,0,Positive,1,0,Yes,1,2,Negative,Negative,Negative
94,478,On45,I,Vaccinate,Control,C-VS,Sentinel,PPD(B-A),0.031,0.106,0.003,-0.006,0.078,-0.002,-0.013,-0.068,0,1,0,0,0,0,0,0,Negative,0,0,No,0,0,Negative,Negative,Negative
95,206,On25,I,Control,Vaccinate,V-CS,Sentinel,PPD(B-A),-0.031,1.187,-0.026,-0.001,0.086,0.15,0.006,-0.004,0,1,0,0,0,1,0,0,Positive,1,0,Yes,1,3,Negative,Negative,Negative
96,475,On28,I,Vaccinate,Control,C-VS,Sentinel,PPD(B-A),0.07,-0.003,-0.093,-0.486,-0.099,0.024,-0.06,-0.403,0,0,0,0,0,0,0,0,Negative,0,0,No,0,0,Negative,Negative,Negative
97,1160,On48,I,Control,Control,C-CS,Sentinel,PPD(B-A),0,0,0.099,-0.075,-0.002,0.826,0.307,-0.403,0,0,0,0,0,1,1,0,Positive,1,0,Yes,1,2,Negative,Negative,Negative
98,477,On46,I,Control,Control,C-CS,Sentinel,PPD(B-A),-0.108,0.006,-0.01,-0.052,0.014,0.554,0.784,-0.403,0,0,0,0,0,1,1,0,Positive,1,1,Yes,1,15,Positive,Positive,Positive
99,207,On44,I,Control,Vaccinate,V-CS,Sentinel,PPD(B-A),0.005,0.721,0.031,0.55,0.564,1.642,1.669,-0.403,0,1,0,1,1,1,1,0,Positive,1,1,Yes,1,2,Positive,Positive,Positive
100,055.1.3,On29,I,Control,Control,C-CS,Sentinel,PPD(B-A),-0.263,-0.172,0.075,-0.054,1.181,0.916,0.141,0.218,0,0,0,0,1,1,1,1,Positive,1,1,Yes,1,3,Positive,Positive,Positive
101,1165,On24,I,Control,Control,C-CS,Sentinel,PPD(B-A),0.011,-0.003,-0.006,0.016,0.393,0.687,0.849,0.28,0,0,0,0,1,1,1,1,Positive,1,0,Yes,1,2,Negative,Negative,Negative
102,1141,On22,I,Vaccinate,Control,C-VS,Sentinel,PPD(B-A),-0.112,0.006,-0.019,0.012,0.03,0.014,0.003,-0.168,0,0,0,0,0,0,0,0,Positive,1,0,Yes,1,3,Negative,Negative,Negative
103,1154,On41,I,Control,Vaccinate,V-CS,Sentinel,PPD(B-A),0.06,0.003,0.036,0.021,0.071,0.104,-0.003,-0.311,0,0,0,0,0,1,0,0,Positive,1,1,Yes,1,6,Positive,Positive,Positive
104,1159,On47,I,Vaccinate,Vaccinate,V-VS,Sentinel,PPD(B-A),0.037,1.01,0.116,0.081,0.066,0.069,0.028,0.085,0,1,1,0,0,0,0,0,Negative,0,0,No,0,0,Negative,Negative,Negative
105,1147,On43,I,Control,Vaccinate,V-CS,Sentinel,PPD(B-A),-0.019,0.206,0.042,0.173,-0.004,0.041,0.127,0.008,0,1,0,1,0,0,1,0,Negative,0,0,No,0,0,Negative,Negative,Negative
106,96.5,On61,II,Vaccinate,Control,C-VS,Sentinel,PPD(B-A),0.089,0.035,0.021,-0.047,-0.066,-0.004,0.49,0.297,0,0,0,0,0,0,1,1,Positive,1,1,Yes,1,4,Positive,Positive,Positive
107,099.2.1.1,On51,II,Vaccinate,Vaccinate,V-VS,Sentinel,PPD(B-A),-0.03,0.088,0.034,0,-0.125,0.024,0.091,0.111,0,0,0,0,0,0,0,1,Positive,1,0,Yes,1,3,Negative,Negative,Negative
108,132,On71,II,Control,Control,C-CS,Sentinel,PPD(B-A),-0.017,-0.001,-0.026,0.69,1.254,0.417,0.27,0.154,0,0,0,1,1,1,1,1,Positive,1,1,Yes,1,10,Positive,Positive,Positive
109,1168,On59,II,Control,Vaccinate,V-CS,Sentinel,PPD(B-A),0.008,0.013,0.01,0.059,0.024,0.005,0.054,0.111,0,0,0,0,0,0,0,1,Positive,1,1,Yes,1,10,Positive,Positive,Positive
110,1171,On70,II,Control,Control,C-CS,Sentinel,PPD(B-A),-0.041,0.043,0.016,1.533,1.455,0.224,0.464,0.357,0,0,0,1,1,1,1,1,Positive,1,1,Yes,1,6,Positive,Positive,Positive
111,1174,On62,II,Vaccinate,Control,C-VS,Sentinel,PPD(B-A),0.042,-0.13,0.021,-0.009,0.524,-0.166,0.038,0.208,0,0,0,0,1,0,0,1,Positive,1,1,Yes,1,6,Positive,Positive,Positive
112,1189,On56,II,Vaccinate,Control,C-VS,Sentinel,PPD(B-A),0.055,0.001,0.002,0.017,1.4,0.057,-0.019,-0.018,0,0,0,0,1,0,0,0,Positive,1,1,Yes,1,4,Positive,Positive,Positive
113,1192,On49,II,Vaccinate,Control,C-VS,Sentinel,PPD(B-A),0.007,0.012,0.005,0.001,-0.027,-0.138,-0.006,-0.013,0,0,0,0,0,0,0,0,Positive,1,1,Yes,1,3,Positive,Negative,Positive
114,1196,On68,II,Control,Vaccinate,V-CS,Sentinel,PPD(B-A),0,0.021,NA,NA,NA,NA,NA,NA,0,0,NA,NA,NA,NA,NA,NA,Negative,0,0,No,0,0,Negative,Negative,Negative
115,1198,On78,II,Vaccinate,Vaccinate,V-VS,Sentinel,PPD(B-A),0.026,0.961,2.753,2.441,NA,NA,NA,NA,0,1,1,1,NA,NA,NA,NA,Positive,1,1,Yes,1,58,Positive,Positive,Positive
116,110.3.4,On50,II,Control,Vaccinate,V-CS,Sentinel,PPD(B-A),0.054,0.009,0.127,0.088,0.086,0.069,0.11,0.371,0,0,1,0,0,0,1,1,Positive,1,1,Yes,1,7,Positive,Positive,Positive
117,081.1.4,On54,II,Vaccinate,Vaccinate,V-VS,Sentinel,PPD(B-A),0.063,-0.011,0.04,0.052,0.049,0.121,0.094,0.125,0,0,0,0,0,1,0,1,Positive,1,1,Yes,1,11,Positive,Positive,Positive
118,087.2.3,On72,II,Vaccinate,Vaccinate,V-VS,Sentinel,PPD(B-A),-0.006,0.006,0.033,0.067,0.039,0.008,0.049,-0.007,0,0,0,0,0,0,0,0,Positive,1,1,No,0,1,Positive,Positive,Positive
119,024.2.1.1,On75,II,Control,Control,C-CS,Sentinel,PPD(B-A),0.003,-0.046,NA,NA,NA,NA,NA,NA,0,0,NA,NA,NA,NA,NA,NA,Negative,0,0,No,0,0,Negative,Negative,Negative
120,083.3.4,On60,II,Vaccinate,Control,C-VS,Sentinel,PPD(B-A),0.064,-0.031,0.01,-0.001,-0.842,-0.021,-0.055,-0.007,0,0,0,0,0,0,0,0,Positive,1,0,Yes,1,4,Negative,Negative,Negative
121,08.2.4.4,On58,II,Vaccinate,Control,C-VS,Sentinel,PPD(B-A),0.06,-0.013,-0.077,2.027,0.145,-0.038,-0.015,0.021,0,0,0,1,1,0,0,0,Positive,1,0,Yes,1,13,Negative,Negative,Negative
122,410.1.1.2,On67,II,Vaccinate,Vaccinate,V-VS,Sentinel,PPD(B-A),0.084,0.013,0.079,0.002,0.012,-0.08,0.019,-0.006,0,0,0,0,0,0,0,0,Positive,1,1,Yes,1,3,Positive,Positive,Positive
123,135,On52,II,Vaccinate,Vaccinate,V-VS,Sentinel,PPD(B-A),-0.001,-0.02,0.162,0.065,0.243,-0.067,0.171,-0.005,0,0,1,0,1,0,1,0,Positive,1,1,Yes,1,2,Positive,Positive,Positive
124,139,On53,II,Control,Vaccinate,V-CS,Sentinel,PPD(B-A),0.007,0.082,0.396,1.664,0.362,0.224,0.21,0.114,0,0,1,1,1,1,1,1,Positive,1,1,Yes,1,1,Positive,Positive,Positive
125,140,On66,II,Control,Vaccinate,V-CS,Sentinel,PPD(B-A),0.017,0.011,0.101,0.163,0.024,3.453,-0.075,-0.041,0,0,1,1,0,1,0,0,Positive,1,1,No,0,0,Positive,Positive,Positive
126,501,On65,II,Vaccinate,Vaccinate,V-VS,Sentinel,PPD(B-A),-0.02,0.006,0.007,0.035,0.269,-0.037,0.025,-0.019,0,0,0,0,1,0,0,0,Positive,1,1,Yes,1,4,Positive,Positive,Positive
127,503,On73,II,Control,Control,C-CS,Sentinel,PPD(B-A),0.029,0.012,0.022,1.251,0.575,1.673,0.232,0.186,0,0,0,1,1,1,1,1,Positive,1,1,Yes,1,5,Positive,Positive,Positive
128,505,On64,II,Vaccinate,Vaccinate,V-VS,Sentinel,PPD(B-A),-0.012,-0.012,0.066,0.094,0.298,0.982,0.081,-0.019,0,0,0,0,1,1,0,0,Positive,1,1,Yes,1,6,Positive,Positive,Positive
129,507,On63,II,Control,Vaccinate,V-CS,Sentinel,PPD(B-A),-0.006,0.111,0.033,2.456,0.398,0.592,0.347,0.403,0,1,0,1,1,1,1,1,Positive,1,1,Yes,1,5,Positive,Positive,Positive
130,183,On69,II,Control,Control,C-CS,Sentinel,PPD(B-A),0.008,0.096,3.427,2.386,2.024,1.069,1.468,0.744,0,0,1,1,1,1,1,1,Positive,1,1,Yes,1,13,Positive,Positive,Positive
131,182,On55,II,Control,Control,C-CS,Sentinel,PPD(B-A),0.064,0.073,-0.111,-1.537,0.06,-0.095,-0.138,-0.002,0,0,0,0,0,0,0,0,Positive,1,1,Yes,1,2,Positive,Positive,Positive
132,180,On57,II,Control,Vaccinate,V-CS,Sentinel,PPD(B-A),-0.149,0.11,-0.032,0.053,0.037,0.017,0.031,NA,0,1,0,0,0,0,0,NA,Negative,0,0,No,0,0,Negative,Negative,Negative
133,196,On77,II,Control,Control,C-CS,Sentinel,PPD(B-A),0.007,0.254,-0.008,2.751,0.218,1.072,0.69,0.295,0,1,0,1,1,1,1,1,Positive,1,1,Yes,1,35,Positive,Positive,Positive
134,199,On76,II,Control,Control,C-CS,Sentinel,PPD(B-A),0.031,1.351,0.007,0.028,0.058,-0.037,0.021,0.032,0,1,0,0,0,0,0,0,Positive,1,1,Yes,1,12,Positive,Positive,Positive
1,119.1.3,43,1,Unvaccinated_Cows,Control,CS,Sentinel_Seeder,PPD-A,0.015,-0.003,-0.003,0.002,0.022,0.064,0.089,0.117,0,0,0,0,0,0,0,1,Positive,1,1,Yes,1,116,Positive,Positive,Positive
2,933,46,1,Unvaccinated_Cows,Control,CS,Sentinel_Seeder,PPD-A,0.044,0.3,0.061,1.235,0.434,0.057,0.283,0.259,0,1,0,1,1,0,1,1,Positive,1,1,Yes,1,60,Positive,Positive,Positive
3,893,24,1,Unvaccinated_Cows,Control,CS,Sentinel_Seeder,PPD-A,0.022,0.107,0.012,0.012,0.098,0.215,0.022,0.152,0,1,0,0,0,1,0,1,Positive,1,1,Yes,1,10,Positive,Positive,Positive
4,928,44,1,Unvaccinated_Cows,Control,CS,Sentinel_Seeder,PPD-A,0.042,0.287,1.522,0.005,0.237,-0.024,-0.038,0.102,0,1,1,0,1,0,0,1,Positive,1,0,Yes,1,15,Negative,Negative,Negative
5,091.1.3,42,1,Unvaccinated_Cows,Control,CS,Sentinel_Seeder,PPD-A,0.004,1.627,0.811,0.233,0.273,0.023,-0.001,0.066,0,1,1,1,1,0,0,0,Positive,1,0,Yes,1,23,Negative,Negative,Negative
6,522,18,1,Unvaccinated_Cows,Control,CS,Sentinel_Seeder,PPD-A,-0.007,-0.015,0.165,0.098,2.244,0.069,0.096,0.047,0,0,1,0,1,0,0,0,Positive,1,1,Yes,1,4,Positive,Positive,Positive
7,891,17,1,Unvaccinated_Cows,Control,CS,Sentinel_Seeder,PPD-A,-0.14,0.073,0.014,0.393,0.299,0.249,0.363,0.668,0,0,0,1,1,1,1,1,Positive,1,1,Yes,1,3,Positive,Positive,Positive
8,870,15,1,Unvaccinated_Cows,Control,CS,Sentinel_Seeder,PPD-A,0.057,0,0.31,0.27,0.148,0.171,0.284,0.359,0,0,1,1,1,1,1,1,Positive,1,0,Yes,1,11,Negative,Negative,Negative
9,525,33,1,Unvaccinated_Cows,Control,CS,Sentinel_Seeder,PPD-A,0.028,-0.016,0.118,0.934,1.237,0.104,0.504,0.795,0,0,1,1,1,1,1,1,Positive,1,0,Yes,1,53,Negative,Negative,Negative
10,79,34,1,Unvaccinated_Cows,Control,CS,Sentinel_Seeder,PPD-A,0.028,0.693,0.004,0.92,0.092,0.07,0.356,0.422,0,1,0,1,0,0,1,1,Positive,1,0,Yes,1,2,Negative,Negative,Negative
11,448,27,1,Unvaccinated_Cows,Control,CS,Sentinel_Seeder,PPD-A,0.013,0.061,0.114,0.042,0.018,0.091,0.078,0.099,0,0,1,0,0,0,0,0,Positive,1,1,Yes,1,71,Positive,Positive,Positive
12,880,8,1,Unvaccinated_Cows,Control,CS,Sentinel_Seeder,PPD-A,-0.004,0.007,-0.041,0.029,0.146,0.181,0.51,0.702,0,0,0,0,1,1,1,1,Positive,1,1,Yes,1,78,Positive,Positive,Positive
13,520,30,1,Unvaccinated_Cows,Control,CS,Sentinel_Seeder,PPD-A,0,0.179,0.204,1.831,0.083,0.164,0.313,0.513,0,1,1,1,0,1,1,1,Positive,1,1,Yes,1,34,Positive,Positive,Positive
14,885,28,1,Unvaccinated_Cows,Control,CS,Sentinel_Seeder,PPD-A,0.019,0.025,0.652,0.357,0.019,0.048,0.24,0.195,0,0,1,1,0,0,1,1,Positive,1,1,Yes,1,12,Positive,Positive,Positive
15,882,25,1,Unvaccinated_Cows,Control,CS,Sentinel_Seeder,PPD-A,0.002,0.052,0.027,0.249,0.132,0.01,0.119,0.285,0,0,0,1,1,0,1,1,Positive,1,1,Yes,1,72,Positive,Positive,Positive
16,443,40,1,Unvaccinated_Cows,Control,CS,Sentinel_Seeder,PPD-A,0.01,-0.033,0.235,0.168,-0.048,0.032,0.263,0.535,0,0,1,1,0,0,1,1,Positive,1,1,Yes,1,23,Positive,Positive,Positive
17,521,39,1,Unvaccinated_Cows,Control,CS,Sentinel_Seeder,PPD-A,0.006,-0.133,0.055,2.625,0.266,0.2,0.332,0.249,0,0,0,1,1,1,1,1,Positive,1,0,Yes,1,16,Negative,Negative,Negative
18,098.1.1.2,35,1,Unvaccinated_Cows,Vaccinate,VS,Sentinel_Seeder,PPD-A,0.019,0.789,0.327,0.035,0.33,0.163,0.17,0.392,0,1,1,0,1,1,1,1,Positive,1,1,Yes,1,28,Positive,Positive,Positive
19,919,36,1,Unvaccinated_Cows,Vaccinate,VS,Sentinel_Seeder,PPD-A,0.016,1.919,0.266,0.208,0.077,0.103,0.221,0.192,0,1,1,1,0,1,1,1,Positive,1,0,Yes,1,72,Negative,Negative,Negative
20,518,37,1,Unvaccinated_Cows,Vaccinate,VS,Sentinel_Seeder,PPD-A,-0.009,-0.048,0.054,NA,NA,NA,NA,NA,0,0,0,NA,NA,NA,NA,NA,Negative,0,0,No,0,0,Negative,Negative,Negative
21,936,45,1,Unvaccinated_Cows,Vaccinate,VS,Sentinel_Seeder,PPD-A,0.014,0.046,0.204,0.452,0.309,0.03,0.3,0.093,0,0,1,1,1,0,1,0,Positive,1,0,Yes,1,5,Negative,Negative,Negative
22,087.2.2,41,1,Unvaccinated_Cows,Vaccinate,VS,Sentinel_Seeder,PPD-A,-0.008,0.026,0.142,0.571,0.008,0.013,0.143,0.013,0,0,1,1,0,0,1,0,Positive,1,0,Yes,1,9,Negative,Negative,Negative
23,890,31,1,Unvaccinated_Cows,Vaccinate,VS,Sentinel_Seeder,PPD-A,0.002,-0.016,0.328,NA,NA,NA,NA,NA,0,0,1,NA,NA,NA,NA,NA,Negative,0,0,No,0,0,Negative,Negative,Negative
24,914,19,1,Unvaccinated_Cows,Vaccinate,VS,Sentinel_Seeder,PPD-A,0.009,0.253,0.179,0.144,-0.004,0.012,0.149,0.19,0,1,1,1,0,0,1,1,Positive,1,0,Yes,1,4,Negative,Negative,Negative
25,889,23,1,Unvaccinated_Cows,Vaccinate,VS,Sentinel_Seeder,PPD-A,0.046,0.231,0.107,0.312,0.143,0.411,0.318,0.376,0,1,1,1,1,1,1,1,Positive,1,1,Yes,1,11,Positive,Positive,Positive
26,102.1.1.1,29,1,Unvaccinated_Cows,Vaccinate,VS,Sentinel_Seeder,PPD-A,0.022,0.637,0.237,0.233,0.039,0.112,0.289,0.062,0,1,1,1,0,1,1,0,Positive,1,1,Yes,1,15,Positive,Positive,Positive
27,77,12,1,Unvaccinated_Cows,Vaccinate,VS,Sentinel_Seeder,PPD-A,0.003,0.083,0.044,0.184,0.092,0.026,0.047,0.192,0,0,0,1,0,0,0,1,Positive,1,1,Yes,1,19,Positive,Positive,Positive
28,901,14,1,Unvaccinated_Cows,Vaccinate,VS,Sentinel_Seeder,PPD-A,-0.001,0.016,0.38,0.098,0.127,0.151,0.415,0.369,0,0,1,0,1,1,1,1,Positive,1,1,Yes,1,8,Positive,Positive,Positive
29,902,16,1,Unvaccinated_Cows,Vaccinate,VS,Sentinel_Seeder,PPD-A,0.064,0.029,0.026,0.052,-0.006,0.017,0.126,0.075,0,0,0,0,0,0,1,0,Positive,1,1,Yes,1,9,Positive,Positive,Positive
30,875,11,1,Unvaccinated_Cows,Vaccinate,VS,Sentinel_Seeder,PPD-A,0.002,0.107,0.462,0.406,0.02,0.025,0.048,0.276,0,1,1,1,0,0,0,1,Positive,1,1,Yes,1,8,Positive,Positive,Positive
31,895,26,1,Unvaccinated_Cows,Vaccinate,VS,Sentinel_Seeder,PPD-A,0.063,0.07,0.152,0.531,0.066,-0.009,0.027,0.04,0,0,1,1,0,0,0,0,Positive,1,0,Yes,1,7,Negative,Negative,Negative
32,524,21,1,Unvaccinated_Cows,Vaccinate,VS,Sentinel_Seeder,PPD-A,0.009,0.202,0.16,0.042,0.052,0.03,0.074,0.44,0,1,1,0,0,0,0,1,Positive,1,1,Yes,1,4,Positive,Positive,Positive
33,449,47,1,Unvaccinated_Cows,Vaccinate,VS,Sentinel_Seeder,PPD-A,0.04,0.082,0.025,0.117,0.142,0.188,0.335,0.123,0,0,0,1,1,1,1,1,Positive,1,1,Yes,1,6,Positive,Positive,Positive
34,84,22,1,Unvaccinated_Cows,Vaccinate,VS,Sentinel_Seeder,PPD-A,0,0.046,0.022,0.025,0.011,0.002,0.001,0.001,0,0,0,0,0,0,0,0,Positive,1,1,Yes,1,3,Positive,Positive,Positive
35,957,11-Feb,2,Unvaccinated_Cows,Control,CS,Sentinel_Seeder,PPD-A,0.029,0.536,0.203,0.004,0.035,0.443,0.151,0.419,0,1,1,0,0,1,1,1,Positive,1,1,Yes,1,28,Positive,Positive,Positive
36,954,14-Feb,2,Unvaccinated_Cows,Control,CS,Sentinel_Seeder,PPD-A,0.044,0.064,0.173,0.028,0.065,0.174,0.138,0.304,0,0,1,0,0,1,1,1,Positive,1,1,Yes,1,49,Positive,Positive,Positive
37,967,12-Feb,2,Unvaccinated_Cows,Control,CS,Sentinel_Seeder,PPD-A,0.009,0.526,0.048,0.001,0.06,0.682,0.213,0.298,0,1,0,0,0,1,1,1,Positive,1,1,Yes,1,13,Positive,Positive,Positive
38,966,Feb-32,2,Unvaccinated_Cows,Control,CS,Sentinel_Seeder,PPD-A,0.077,1.464,0.127,-0.001,0.045,0.034,0.488,0.431,0,1,1,0,0,0,1,1,Positive,1,1,Yes,1,10,Positive,Positive,Positive
39,956,28-Feb,2,Unvaccinated_Cows,Control,CS,Sentinel_Seeder,PPD-A,0,0.53,0.805,0.07,0.086,-0.001,0.016,0.067,0,1,1,0,0,0,0,0,Positive,1,1,Yes,1,78,Positive,Positive,Positive
40,960,16-Feb,2,Unvaccinated_Cows,Control,CS,Sentinel_Seeder,PPD-A,0.02,0.044,0.033,0.155,0.107,0.174,0.453,0.407,0,0,0,1,1,1,1,1,Positive,1,1,Yes,1,95,Positive,Positive,Positive
41,54,1-Feb,2,Unvaccinated_Cows,Control,CS,Sentinel_Seeder,PPD-A,0.111,0.054,-0.051,0.195,0.142,1.021,0.267,0.505,1,0,0,1,1,1,1,1,Positive,1,1,Yes,1,39,Positive,Positive,Positive
42,455,6-Feb,2,Unvaccinated_Cows,Control,CS,Sentinel_Seeder,PPD-A,0.009,-0.053,0.003,0.002,-0.004,0.039,1.864,0.09,0,0,0,0,0,0,1,0,Positive,1,1,Yes,1,38,Positive,Positive,Positive
43,50,15-Feb,2,Unvaccinated_Cows,Control,CS,Sentinel_Seeder,PPD-A,0.032,0.897,0.074,-0.004,0.086,0.286,0.534,0.382,0,1,0,0,0,1,1,1,Positive,1,1,Yes,1,12,Positive,Positive,Positive
44,453,8-Feb,2,Unvaccinated_Cows,Control,CS,Sentinel_Seeder,PPD-A,0.004,0.224,0.454,0.189,0.488,0.246,0.569,0.378,0,1,1,1,1,1,1,1,Positive,1,0,Yes,1,8,Negative,Negative,Negative
45,942,17-Feb,2,Unvaccinated_Cows,Control,CS,Sentinel_Seeder,PPD-A,0.05,0.138,0.582,0.029,0.851,0.454,1.478,0.394,0,1,1,0,1,1,1,1,Positive,1,1,Yes,1,13,Positive,Positive,Positive
46,653,Feb-35,2,Unvaccinated_Cows,Control,CS,Sentinel_Seeder,PPD-A,0.007,2.253,0.463,0.045,0.067,0.214,0.269,0.231,0,1,1,0,0,1,1,1,Positive,1,1,Yes,1,31,Positive,Positive,Positive
47,457,10-Feb,2,Unvaccinated_Cows,Control,CS,Sentinel_Seeder,PPD-A,0.102,0.019,0.588,0.025,0.027,0.128,0.201,0.345,1,0,1,0,0,1,1,1,Positive,1,1,Yes,1,14,Positive,Positive,Positive
48,924,2-1P,2,Unvaccinated_Cows,Control,CS,Sentinel_Seeder,PPD-A,0.037,0.346,0.153,0.026,0.083,0.211,0.484,0.539,0,1,1,0,0,1,1,1,Positive,1,0,Yes,1,23,Negative,Negative,Negative
49,938,3-1P,2,Unvaccinated_Cows,Control,CS,Sentinel_Seeder,PPD-A,0.224,0.15,0.045,0.011,-0.014,NA,NA,NA,1,1,0,0,0,NA,NA,NA,Negative,0,0,No,0,0,Negative,Negative,Negative
50,926,8-1P,2,Unvaccinated_Cows,Control,CS,Sentinel_Seeder,PPD-A,0.108,2.595,2.069,0.083,0.612,0.23,0.521,0.088,1,1,1,0,1,1,1,0,Positive,1,1,Yes,1,104,Positive,Positive,Positive
51,964,13-Feb,2,Unvaccinated_Cows,Vaccinate,VS,Sentinel_Seeder,PPD-A,-0.001,0.108,0.113,-0.001,0.014,0.005,0.016,0.065,0,1,1,0,0,0,0,0,Positive,1,1,Yes,1,23,Positive,Positive,Positive
52,962,25-Feb,2,Unvaccinated_Cows,Vaccinate,VS,Sentinel_Seeder,PPD-A,0.005,1.238,-0.311,0.014,0.064,0.307,0.423,0.755,0,1,0,0,0,1,1,1,Positive,1,1,Yes,1,16,Positive,Positive,Positive
53,959,9-Feb,2,Unvaccinated_Cows,Vaccinate,VS,Sentinel_Seeder,PPD-A,0.039,0.515,0.066,0.048,0.044,0.121,0.322,0.014,0,1,0,0,0,1,1,0,Positive,1,1,Yes,1,64,Positive,Positive,Positive
54,48,21-Feb,2,Unvaccinated_Cows,Vaccinate,VS,Sentinel_Seeder,PPD-A,0.005,0.204,0.026,0.023,-0.005,0.127,0.405,0.053,0,1,0,0,0,1,1,0,Positive,1,1,No,0,0,Positive,Positive,Positive
55,449,Feb-33,2,Unvaccinated_Cows,Vaccinate,VS,Sentinel_Seeder,PPD-A,0.041,1.46,0.214,0.019,0.079,0.113,0.349,0.14,0,1,1,0,0,1,1,1,Positive,1,0,Yes,1,6,Negative,Negative,Negative
56,63,19-Feb,2,Unvaccinated_Cows,Vaccinate,VS,Sentinel_Seeder,PPD-A,0.076,1.695,0.115,0.014,0.016,0.069,0.218,0.299,0,1,1,0,0,0,1,1,Positive,1,1,Yes,1,39,Positive,Positive,Positive
57,948,Feb-36,2,Unvaccinated_Cows,Vaccinate,VS,Sentinel_Seeder,PPD-A,0,0.298,0.044,-0.002,0.122,0.213,0.233,0.519,0,1,0,0,1,1,1,1,Positive,1,0,Yes,1,1,Negative,Negative,Negative
58,64,23-Feb,2,Unvaccinated_Cows,Vaccinate,VS,Sentinel_Seeder,PPD-A,0,0.635,0.053,0.01,0.043,0.02,0.377,0.316,0,1,0,0,0,0,1,1,Positive,1,1,Yes,1,4,Positive,Positive,Positive
59,713,27-Feb,2,Unvaccinated_Cows,Vaccinate,VS,Sentinel_Seeder,PPD-A,0.012,0.166,0.024,-0.072,0.013,-0.028,0.105,0.116,0,1,0,0,0,0,1,1,Positive,1,1,Yes,1,100,Positive,Positive,Positive
60,52,3-Feb,2,Unvaccinated_Cows,Vaccinate,VS,Sentinel_Seeder,PPD-A,0.056,0.922,1.84,0.014,0.019,0.109,0.08,0.2,0,1,1,0,0,1,0,1,Positive,1,1,Yes,1,35,Positive,Positive,Positive
61,51,7-Feb,2,Unvaccinated_Cows,Vaccinate,VS,Sentinel_Seeder,PPD-A,0.004,0.204,0.16,0.025,0.027,-0.002,0.271,0.615,0,1,1,0,0,0,1,1,Positive,1,0,Yes,1,18,Negative,Negative,Negative
62,65,2-Feb,2,Unvaccinated_Cows,Vaccinate,VS,Sentinel_Seeder,PPD-A,0.107,0.855,0.027,0.076,0.028,0.02,0.297,0.636,1,1,0,0,0,0,1,1,Positive,1,0,Yes,1,16,Negative,Negative,Negative
63,945,5-Feb,2,Unvaccinated_Cows,Vaccinate,VS,Sentinel_Seeder,PPD-A,0.024,0.245,0.01,-0.004,0.006,-0.019,0.045,0.043,0,1,0,0,0,0,0,0,Positive,1,1,Yes,1,6,Positive,Positive,Positive
64,459,4-Feb,2,Unvaccinated_Cows,Vaccinate,VS,Sentinel_Seeder,PPD-A,0.036,0.33,0.006,0.021,0.053,0.397,0.111,0.359,0,1,0,0,0,1,1,1,Positive,1,1,Yes,1,4,Positive,Positive,Positive
65,934,Feb-38,2,Unvaccinated_Cows,Vaccinate,VS,Sentinel_Seeder,PPD-A,0.003,2.568,0.083,0.041,0.022,0.059,0.678,1.956,0,1,0,0,0,0,1,1,Positive,1,1,Yes,1,18,Positive,Positive,Positive
66,85,4-1P,2,Unvaccinated_Cows,Vaccinate,VS,Sentinel_Seeder,PPD-A,0.008,1.549,0.235,0.025,0.058,0.082,0.391,0.237,0,1,1,0,0,0,1,1,Positive,1,1,Yes,1,11,Positive,Positive,Positive
67,445,11-1P,2,Unvaccinated_Cows,Vaccinate,VS,Sentinel_Seeder,PPD-A,0.043,2.166,0.016,0.007,0.007,0.042,0.349,0.039,0,1,0,0,0,0,1,0,Positive,1,1,Yes,1,28,Positive,Positive,Positive
68,202,On34,I,Control,Vaccinate,V-CS,Sentinel,PPD-A,1.272,0.157,0.041,-0.006,0.352,1.121,0.256,0.104,1,1,0,0,1,1,1,1,Positive,1,1,No,0,0,Positive,Positive,Positive
69,1105,On35,I,Vaccinate,Control,C-VS,Sentinel,PPD-A,0.038,0.007,0,-0.003,0.335,0.822,0.441,0.718,0,0,0,0,1,1,1,1,Positive,1,1,Yes,1,44,Positive,Positive,Positive
70,1128,On12,I,Vaccinate,Vaccinate,V-VS,Sentinel,PPD-A,0.006,0.439,0.214,0.004,0.404,0.138,0.109,0.119,0,1,1,0,1,1,1,1,Negative,0,0,No,0,0,Negative,Negative,Negative
71,0068H,On19,I,Vaccinate,Vaccinate,V-VS,Sentinel,PPD-A,0.164,0.228,0.105,0.006,0.086,0.245,0.096,0.014,1,1,1,0,0,1,0,0,Positive,1,0,Yes,1,1,Negative,Negative,Negative
72,0067H,On03,I,Vaccinate,Vaccinate,V-VS,Sentinel,PPD-A,0.163,0.026,0.115,0.002,0.047,0.008,0.049,0.066,1,0,1,0,0,0,0,0,Positive,1,1,No,0,0,Positive,Positive,Positive
73,0070H,On17,I,Control,Vaccinate,V-CS,Sentinel,PPD-A,0.002,0.092,0.038,-0.002,0.139,0.193,0.031,0.038,0,0,0,0,1,1,0,0,Positive,1,0,Yes,1,3,Negative,Negative,Negative
74,497,On15,I,Vaccinate,Vaccinate,V-VS,Sentinel,PPD-A,0.017,0.066,0.091,0.03,0.022,0.083,0.218,0.218,0,0,0,0,0,0,1,1,Positive,1,0,Yes,1,1,Negative,Negative,Negative
75,1135,On05,I,Control,Vaccinate,V-CS,Sentinel,PPD-A,0.29,0.003,0.022,0.01,0.027,0.27,0.151,0.227,1,0,0,0,0,1,1,1,Positive,1,1,Yes,1,2,Positive,Positive,Positive
76,119,On33,I,Vaccinate,Control,C-VS,Sentinel,PPD-A,0.057,0.046,0.303,0.004,0.026,0.355,0.206,0.118,0,0,1,0,0,1,1,1,Positive,1,1,Yes,1,3,Positive,Positive,Positive
77,1113,On37,I,Vaccinate,Control,C-VS,Sentinel,PPD-A,-0.026,0.148,0.022,0.015,0.104,0.122,0.149,0.073,0,1,0,0,1,1,1,0,Positive,1,0,Yes,1,18,Negative,Negative,Negative
78,120,On32,I,Vaccinate,Vaccinate,V-VS,Sentinel,PPD-A,0.002,0.843,0.476,0.291,0.013,0.215,0.083,0.248,0,1,1,1,0,1,0,1,Negative,0,0,No,0,0,Negative,Negative,Negative
79,078H,On18,I,Control,Control,C-CS,Sentinel,PPD-A,0.029,0.184,0.081,0.258,0.132,0.545,0.085,0.071,0,1,0,1,1,1,0,0,Positive,1,1,Yes,1,6,Positive,Positive,Positive
80,1111,On11,I,Control,Vaccinate,V-CS,Sentinel,PPD-A,0.074,0.176,0.059,-0.001,0.014,0.275,0.065,0.325,0,1,0,0,0,1,0,1,Positive,1,1,No,0,0,Positive,Positive,Positive
81,495,On08,I,Control,Vaccinate,V-CS,Sentinel,PPD-A,0.01,0.155,0.045,0.034,-0.001,0.094,0.094,0.065,0,1,0,0,0,0,0,0,Positive,1,1,Yes,1,4,Positive,Positive,Positive
82,1074.1,On09,I,Vaccinate,Control,C-VS,Sentinel,PPD-A,-0.024,0.09,0.024,0.02,0.034,0.065,0.046,0.052,0,0,0,0,0,0,0,0,Positive,1,1,Yes,1,8,Positive,Positive,Positive
83,099.2.3,On39,I,Vaccinate,Control,C-VS,Sentinel,PPD-A,0.081,0.026,0.041,0.015,0.056,0.073,0.189,0.118,0,0,0,0,0,0,1,1,Positive,1,1,Yes,1,2,Positive,Positive,Positive
84,1126,On14,I,Control,Control,C-CS,Sentinel,PPD-A,0.029,0.015,0.208,0.042,0.285,0.43,0.047,0.172,0,0,1,0,1,1,0,1,Positive,1,1,Yes,1,5,Positive,Positive,Positive
85,491,On16,I,Vaccinate,Vaccinate,V-VS,Sentinel,PPD-A,0.028,0.367,0.513,0.022,0.085,0.187,0.14,0.288,0,1,1,0,0,1,1,1,Positive,1,1,Yes,1,4,Positive,Positive,Positive
86,489,On30,I,Vaccinate,Control,C-VS,Sentinel,PPD-A,0.083,0.236,0.041,0.026,0.06,0.068,0.073,0.926,0,1,0,0,0,0,0,1,Positive,1,1,Yes,1,5,Positive,Positive,Positive
87,081H,On31,I,Control,Control,C-CS,Sentinel,PPD-A,0.17,0.334,0.03,0.043,0.492,0.217,0.223,0.106,1,1,0,0,1,1,1,1,Positive,1,1,Yes,1,5,Positive,Positive,Positive
88,Z014.2.2,On38,I,Control,Control,C-CS,Sentinel,PPD-A,0.096,0.03,0.035,-0.012,0.024,0.11,0.052,0.078,0,0,0,0,0,1,0,0,Positive,1,1,Yes,1,65,Positive,Positive,Positive
89,493,On13,I,Control,Vaccinate,V-CS,Sentinel,PPD-A,-0.021,0.624,0.137,0.077,0.199,1.366,0.137,1.733,0,1,1,0,1,1,1,1,Negative,0,0,No,0,0,Negative,Negative,Negative
90,A.11.2,On01,I,Vaccinate,Control,C-VS,Sentinel,PPD-A,0.406,0.177,0.061,0.138,0.225,0.201,1.132,1.328,1,1,0,1,1,1,1,1,Positive,1,1,No,0,0,Positive,Positive,Positive
91,204,On04,I,Vaccinate,Control,C-VS,Sentinel,PPD-A,0.124,0.08,0.096,0.201,0.274,0.103,0.236,0.368,1,0,0,1,1,1,1,1,Positive,1,0,Yes,1,3,Negative,Negative,Negative
92,G201,On36,I,Vaccinate,Control,C-VS,Sentinel,PPD-A,0.051,0.074,0.073,0.151,0.023,0.104,0.181,0.226,0,0,0,1,0,1,1,1,Negative,0,0,No,0,0,Negative,Negative,Negative
93,03.2.2.1,On20,I,Vaccinate,Vaccinate,V-VS,Sentinel,PPD-A,0.433,0.159,0.064,0.082,0.086,0.11,0.021,0.169,1,1,0,0,0,1,0,1,Positive,1,0,Yes,1,2,Negative,Negative,Negative
94,478,On45,I,Vaccinate,Control,C-VS,Sentinel,PPD-A,0.017,0.037,0.021,0.01,0.009,0.013,0.07,0.231,0,0,0,0,0,0,0,1,Negative,0,0,No,0,0,Negative,Negative,Negative
95,206,On25,I,Control,Vaccinate,V-CS,Sentinel,PPD-A,-0.008,0.04,0.056,0.012,0.048,0.079,0.004,0.028,0,0,0,0,0,0,0,0,Positive,1,0,Yes,1,3,Negative,Negative,Negative
96,475,On28,I,Vaccinate,Control,C-VS,Sentinel,PPD-A,0.223,0.064,0.138,0.632,0.534,0.659,0.169,0.938,1,0,1,1,1,1,1,1,Negative,0,0,No,0,0,Negative,Negative,Negative
97,1160,On48,I,Control,Control,C-CS,Sentinel,PPD-A,-0.003,0.009,0.015,0.202,0.136,0.736,0.075,0.938,0,0,0,1,1,1,0,1,Positive,1,0,Yes,1,2,Negative,Negative,Negative
98,477,On46,I,Control,Control,C-CS,Sentinel,PPD-A,-0.091,0.003,0.011,0.09,0.032,0.64,0.301,0.938,0,0,0,0,0,1,1,1,Positive,1,1,Yes,1,15,Positive,Positive,Positive
99,207,On44,I,Control,Vaccinate,V-CS,Sentinel,PPD-A,0.009,0.32,0.195,0.36,0.724,1.754,0.174,0.938,0,1,1,1,1,1,1,1,Positive,1,1,Yes,1,2,Positive,Positive,Positive
100,055.1.3,On29,I,Control,Control,C-CS,Sentinel,PPD-A,0.053,0.472,0.086,0.323,0.509,1.227,0.076,0.442,0,1,0,1,1,1,0,1,Positive,1,1,Yes,1,3,Positive,Positive,Positive
101,1165,On24,I,Control,Control,C-CS,Sentinel,PPD-A,0.017,-0.001,0.006,-0.02,0.016,0.185,0.196,0.242,0,0,0,0,0,1,1,1,Positive,1,0,Yes,1,2,Negative,Negative,Negative
102,1141,On22,I,Vaccinate,Control,C-VS,Sentinel,PPD-A,0.213,0.005,0.031,0.005,-0.016,0.019,0.022,0.391,1,0,0,0,0,0,0,1,Positive,1,0,Yes,1,3,Negative,Negative,Negative
103,1154,On41,I,Control,Vaccinate,V-CS,Sentinel,PPD-A,-0.01,0.012,-0.025,-0.025,0.059,0.087,0.095,0.673,0,0,0,0,0,0,0,1,Positive,1,1,Yes,1,6,Positive,Positive,Positive
104,1159,On47,I,Vaccinate,Vaccinate,V-VS,Sentinel,PPD-A,-0.082,0.273,0.21,0.085,0.015,0.64,0.167,0.054,0,1,1,0,0,1,1,0,Negative,0,0,No,0,0,Negative,Negative,Negative
105,1147,On43,I,Control,Vaccinate,V-CS,Sentinel,PPD-A,0.047,0.325,0.109,0.052,0.265,0.556,0.295,0.618,0,1,1,0,1,1,1,1,Negative,0,0,No,0,0,Negative,Negative,Negative
106,96.5,On61,II,Vaccinate,Control,C-VS,Sentinel,PPD-A,0.047,-0.014,0.061,0.216,0.489,0.633,1.148,0.518,0,0,0,1,1,1,1,1,Positive,1,1,Yes,1,4,Positive,Positive,Positive
107,099.2.1.1,On51,II,Vaccinate,Vaccinate,V-VS,Sentinel,PPD-A,0.035,0.03,0.013,0.049,0.695,0.03,0.032,0.347,0,0,0,0,1,0,0,1,Positive,1,0,Yes,1,3,Negative,Negative,Negative
108,132,On71,II,Control,Control,C-CS,Sentinel,PPD-A,-0.013,-0.014,0.027,0.639,0.952,0.384,0.246,0.153,0,0,0,1,1,1,1,1,Positive,1,1,Yes,1,10,Positive,Positive,Positive
109,1168,On59,II,Control,Vaccinate,V-CS,Sentinel,PPD-A,0.012,0.006,0.04,0.217,0.32,0.026,0.046,0.075,0,0,0,1,1,0,0,0,Positive,1,1,Yes,1,10,Positive,Positive,Positive
110,1171,On70,II,Control,Control,C-CS,Sentinel,PPD-A,0.038,0.017,0.029,1.285,1.205,0.228,0.301,0.179,0,0,0,1,1,1,1,1,Positive,1,1,Yes,1,6,Positive,Positive,Positive
111,1174,On62,II,Vaccinate,Control,C-VS,Sentinel,PPD-A,-0.017,0.161,0.007,0.166,0.695,0.243,0.016,0.125,0,1,0,1,1,1,0,1,Positive,1,1,Yes,1,6,Positive,Positive,Positive
112,1189,On56,II,Vaccinate,Control,C-VS,Sentinel,PPD-A,-0.021,0.006,-0.005,0.024,0.13,-0.117,0.008,0.032,0,0,0,0,1,0,0,0,Positive,1,1,Yes,1,4,Positive,Positive,Positive
113,1192,On49,II,Vaccinate,Control,C-VS,Sentinel,PPD-A,-0.091,-0.006,0,0.055,0.045,0.178,0.068,0.058,0,0,0,0,0,1,0,0,Positive,1,1,Yes,1,3,Positive,Negative,Positive
114,1196,On68,II,Control,Vaccinate,V-CS,Sentinel,PPD-A,0.017,0.02,NA,NA,NA,NA,NA,NA,0,0,NA,NA,NA,NA,NA,NA,Negative,0,0,No,0,0,Negative,Negative,Negative
115,1198,On78,II,Vaccinate,Vaccinate,V-VS,Sentinel,PPD-A,0.035,0.053,0.434,1.962,NA,NA,NA,NA,0,0,1,1,NA,NA,NA,NA,Positive,1,1,Yes,1,58,Positive,Positive,Positive
116,110.3.4,On50,II,Control,Vaccinate,V-CS,Sentinel,PPD-A,0.025,0.042,0.3,0.156,2.045,0.063,0.503,0.383,0,0,1,1,1,0,1,1,Positive,1,1,Yes,1,7,Positive,Positive,Positive
117,081.1.4,On54,II,Vaccinate,Vaccinate,V-VS,Sentinel,PPD-A,0.015,0.028,0.029,0.11,0.094,0.433,0.113,0.138,0,0,0,1,0,1,1,1,Positive,1,1,Yes,1,11,Positive,Positive,Positive
118,087.2.3,On72,II,Vaccinate,Vaccinate,V-VS,Sentinel,PPD-A,0.004,0,0.031,0.039,0.079,0.049,0.003,0.02,0,0,0,0,0,0,0,0,Positive,1,1,No,0,1,Positive,Positive,Positive
119,024.2.1.1,On75,II,Control,Control,C-CS,Sentinel,PPD-A,-0.035,-0.046,NA,NA,NA,NA,NA,NA,0,0,NA,NA,NA,NA,NA,NA,Negative,0,0,No,0,0,Negative,Negative,Negative
120,083.3.4,On60,II,Vaccinate,Control,C-VS,Sentinel,PPD-A,0.014,-0.04,0.032,0.091,1.808,0.086,0.538,0.302,0,0,0,0,1,0,1,1,Positive,1,0,Yes,1,4,Negative,Negative,Negative
121,08.2.4.4,On58,II,Vaccinate,Control,C-VS,Sentinel,PPD-A,-0.003,-0.04,0.135,0.207,1.8,0.149,0.133,0.22,0,0,1,1,1,1,1,1,Positive,1,0,Yes,1,13,Negative,Negative,Negative
122,410.1.1.2,On67,II,Vaccinate,Vaccinate,V-VS,Sentinel,PPD-A,-0.037,-0.005,0.014,0.038,0.006,0.092,0.022,0.034,0,0,0,0,0,0,0,0,Positive,1,1,Yes,1,3,Positive,Positive,Positive
123,135,On52,II,Vaccinate,Vaccinate,V-VS,Sentinel,PPD-A,0.048,-0.057,0.014,0.114,0.344,0.378,0.396,0.322,0,0,0,1,1,1,1,1,Positive,1,1,Yes,1,2,Positive,Positive,Positive
124,139,On53,II,Control,Vaccinate,V-CS,Sentinel,PPD-A,0.035,0.099,0.117,1.164,0.159,0.232,0.17,0.109,0,0,1,1,1,1,1,1,Positive,1,1,Yes,1,1,Positive,Positive,Positive
125,140,On66,II,Control,Vaccinate,V-CS,Sentinel,PPD-A,-0.005,0.047,0.047,0.341,0.096,0.076,0.235,0.381,0,0,0,1,0,0,1,1,Positive,1,1,No,0,0,Positive,Positive,Positive
126,501,On65,II,Vaccinate,Vaccinate,V-VS,Sentinel,PPD-A,0.044,0.185,0.041,0.152,0.743,0.041,0.086,0.22,0,1,0,1,1,0,0,1,Positive,1,1,Yes,1,4,Positive,Positive,Positive
127,503,On73,II,Control,Control,C-CS,Sentinel,PPD-A,0.01,0.049,0.027,0.208,0.18,0.062,0.122,0.068,0,0,0,1,1,0,1,0,Positive,1,1,Yes,1,5,Positive,Positive,Positive
128,505,On64,II,Vaccinate,Vaccinate,V-VS,Sentinel,PPD-A,0.001,0.197,0.229,0.146,0.554,0.199,0.096,0.41,0,1,1,1,1,1,0,1,Positive,1,1,Yes,1,6,Positive,Positive,Positive
129,507,On63,II,Control,Vaccinate,V-CS,Sentinel,PPD-A,0.004,0.022,0.012,1.293,0.214,0.15,-0.003,0.218,0,0,0,1,1,1,0,1,Positive,1,1,Yes,1,5,Positive,Positive,Positive
130,183,On69,II,Control,Control,C-CS,Sentinel,PPD-A,0.001,0.057,0.711,1.93,0.32,0.188,0.176,0.12,0,0,1,1,1,1,1,1,Positive,1,1,Yes,1,13,Positive,Positive,Positive
131,182,On55,II,Control,Control,C-CS,Sentinel,PPD-A,0.071,0.163,0.221,2.314,0.275,0.133,0.204,0.038,0,1,1,1,1,1,1,0,Positive,1,1,Yes,1,2,Positive,Positive,Positive
132,180,On57,II,Control,Vaccinate,V-CS,Sentinel,PPD-A,0.193,0.065,0.07,0.457,0.067,0.071,0.026,NA,1,0,0,1,0,0,0,NA,Negative,0,0,No,0,0,Negative,Negative,Negative
133,196,On77,II,Control,Control,C-CS,Sentinel,PPD-A,-0.192,0.007,-0.045,0.174,0.066,0.073,0.083,0.032,0,0,0,1,0,0,0,0,Positive,1,1,Yes,1,35,Positive,Positive,Positive
134,199,On76,II,Control,Control,C-CS,Sentinel,PPD-A,0.009,-0.014,0.011,0.048,0.104,-0.055,0.014,0.025,0,0,0,0,1,0,0,0,Positive,1,1,Yes,1,12,Positive,Positive,Positive
