ID_Uniq,ID1,Batch,Treatment,Group,Diagnosis,Months_Post_Exposure,Delta_OD450nm,Total_VL_Score,M_bovis_PCR,IS1081_PCR,VL_Status,Rx_VL_Status,Fasciola_At_PM
1,119.1.3,1,Control,CS,PPD-B,0,0.011,116,Positive,Positive,Positive,Control_Positive,None
2,933,1,Control,CS,PPD-B,0,0.036,60,Positive,Positive,Positive,Control_Positive,None
3,893,1,Control,CS,PPD-B,0,0.01,10,Positive,Positive,Positive,Control_Positive,None
4,928,1,Control,CS,PPD-B,0,0.22,15,Negative,Negative,Positive,Control_Positive,Fasciola
5,091.1.3,1,Control,CS,PPD-B,0,0.053,23,Negative,Negative,Positive,Control_Positive,None
6,522,1,Control,CS,PPD-B,0,-0.019,4,Positive,Positive,Positive,Control_Positive,None
7,891,1,Control,CS,PPD-B,0,0.039,3,Positive,Positive,Positive,Control_Positive,None
8,870,1,Control,CS,PPD-B,0,0.061,11,Negative,Negative,Positive,Control_Positive,None
9,525,1,Control,CS,PPD-B,0,-0.053,53,Negative,Negative,Positive,Control_Positive,None
10,79,1,Control,CS,PPD-B,0,0.144,2,Negative,Negative,Positive,Control_Positive,None
11,448,1,Control,CS,PPD-B,0,0.017,71,Positive,Positive,Positive,Control_Positive,None
12,880,1,Control,CS,PPD-B,0,0.019,78,Positive,Positive,Positive,Control_Positive,None
13,520,1,Control,CS,PPD-B,0,0.115,34,Positive,Positive,Positive,Control_Positive,None
14,885,1,Control,CS,PPD-B,0,0.02,12,Positive,Positive,Positive,Control_Positive,None
15,882,1,Control,CS,PPD-B,0,-0.005,72,Positive,Positive,Positive,Control_Positive,None
16,443,1,Control,CS,PPD-B,0,-0.023,23,Positive,Positive,Positive,Control_Positive,Fasciola
17,521,1,Control,CS,PPD-B,0,-0.129,16,Negative,Negative,Positive,Control_Positive,Fasciola
18,098.1.1.2,1,Vaccinate,VS,PPD-B,0,0.915,28,Positive,Positive,Positive,Vaccinate_Positive,None
19,919,1,Vaccinate,VS,PPD-B,0,0.858,72,Negative,Negative,Positive,Vaccinate_Positive,Fasciola
20,518,1,Vaccinate,VS,PPD-B,0,0.029,0,Negative,Negative,Negative,Vaccinate_Negative,None
21,936,1,Vaccinate,VS,PPD-B,0,0.077,5,Negative,Negative,Positive,Vaccinate_Positive,None
22,087.2.2,1,Vaccinate,VS,PPD-B,0,0.003,9,Negative,Negative,Positive,Vaccinate_Positive,None
23,890,1,Vaccinate,VS,PPD-B,0,0.018,0,Negative,Negative,Negative,Vaccinate_Negative,None
24,914,1,Vaccinate,VS,PPD-B,0,0.312,4,Negative,Negative,Positive,Vaccinate_Positive,None
25,889,1,Vaccinate,VS,PPD-B,0,0.171,11,Positive,Positive,Positive,Vaccinate_Positive,None
26,102.1.1.1,1,Vaccinate,VS,PPD-B,0,0.819,15,Positive,Positive,Positive,Vaccinate_Positive,None
27,77,1,Vaccinate,VS,PPD-B,0,0.14,19,Positive,Positive,Positive,Vaccinate_Positive,None
28,901,1,Vaccinate,VS,PPD-B,0,0.051,8,Positive,Positive,Positive,Vaccinate_Positive,Fasciola
29,902,1,Vaccinate,VS,PPD-B,0,0.025,9,Positive,Positive,Positive,Vaccinate_Positive,None
30,875,1,Vaccinate,VS,PPD-B,0,0.289,8,Positive,Positive,Positive,Vaccinate_Positive,None
31,895,1,Vaccinate,VS,PPD-B,0,0.093,7,Negative,Negative,Positive,Vaccinate_Positive,None
32,524,1,Vaccinate,VS,PPD-B,0,0.246,4,Positive,Positive,Positive,Vaccinate_Positive,None
33,449,1,Vaccinate,VS,PPD-B,0,0.199,6,Positive,Positive,Positive,Vaccinate_Positive,None
34,84,1,Vaccinate,VS,PPD-B,0,-0.012,3,Positive,Positive,Positive,Vaccinate_Positive,Fasciola
35,957,2,Control,CS,PPD-B,0,0.07,28,Positive,Positive,Positive,Control_Positive,None
36,954,2,Control,CS,PPD-B,0,0.007,49,Positive,Positive,Positive,Control_Positive,None
37,967,2,Control,CS,PPD-B,0,0.378,13,Positive,Positive,Positive,Control_Positive,Fasciola
38,966,2,Control,CS,PPD-B,0,0.753,10,Positive,Positive,Positive,Control_Positive,None
39,956,2,Control,CS,PPD-B,0,0.181,78,Positive,Positive,Positive,Control_Positive,None
40,960,2,Control,CS,PPD-B,0,0.039,95,Positive,Positive,Positive,Control_Positive,None
41,54,2,Control,CS,PPD-B,0,0.051,39,Positive,Positive,Positive,Control_Positive,None
42,455,2,Control,CS,PPD-B,0,-0.05,38,Positive,Positive,Positive,Control_Positive,None
43,50,2,Control,CS,PPD-B,0,0.487,12,Positive,Positive,Positive,Control_Positive,None
44,453,2,Control,CS,PPD-B,0,0.1,8,Negative,Negative,Positive,Control_Positive,Fasciola
45,942,2,Control,CS,PPD-B,0,0.052,13,Positive,Positive,Positive,Control_Positive,Fasciola
46,653,2,Control,CS,PPD-B,0,1.551,31,Positive,Positive,Positive,Control_Positive,Fasciola
47,457,2,Control,CS,PPD-B,0,0.014,14,Positive,Positive,Positive,Control_Positive,None
48,924,2,Control,CS,PPD-B,0,0.179,23,Negative,Negative,Positive,Control_Positive,Fasciola
49,938,2,Control,CS,PPD-B,0,0.116,0,Negative,Negative,Negative,Control_Negative,None
50,926,2,Control,CS,PPD-B,0,2.842,104,Positive,Positive,Positive,Control_Positive,None
51,964,2,Vaccinate,VS,PPD-B,0,0.311,23,Positive,Positive,Positive,Vaccinate_Positive,None
52,962,2,Vaccinate,VS,PPD-B,0,1.51,16,Positive,Positive,Positive,Vaccinate_Positive,None
53,959,2,Vaccinate,VS,PPD-B,0,0.515,64,Positive,Positive,Positive,Vaccinate_Positive,None
54,48,2,Vaccinate,VS,PPD-B,0,0.513,0,Positive,Positive,Negative,Vaccinate_Negative,None
55,449,2,Vaccinate,VS,PPD-B,0,2.425,6,Negative,Negative,Positive,Vaccinate_Positive,None
56,63,2,Vaccinate,VS,PPD-B,0,1.965,39,Positive,Positive,Positive,Vaccinate_Positive,None
57,948,2,Vaccinate,VS,PPD-B,0,0.279,1,Negative,Negative,Positive,Vaccinate_Positive,Fasciola
58,64,2,Vaccinate,VS,PPD-B,0,0.488,4,Positive,Positive,Positive,Vaccinate_Positive,None
59,713,2,Vaccinate,VS,PPD-B,0,0.337,100,Positive,Positive,Positive,Vaccinate_Positive,None
60,52,2,Vaccinate,VS,PPD-B,0,0.99,35,Positive,Positive,Positive,Vaccinate_Positive,None
61,51,2,Vaccinate,VS,PPD-B,0,0.43,18,Negative,Negative,Positive,Vaccinate_Positive,None
62,65,2,Vaccinate,VS,PPD-B,0,1.019,16,Negative,Negative,Positive,Vaccinate_Positive,None
63,945,2,Vaccinate,VS,PPD-B,0,0.336,6,Positive,Positive,Positive,Vaccinate_Positive,None
64,459,2,Vaccinate,VS,PPD-B,0,0.97,4,Positive,Positive,Positive,Vaccinate_Positive,None
65,934,2,Vaccinate,VS,PPD-B,0,2.884,18,Positive,Positive,Positive,Vaccinate_Positive,None
66,85,2,Vaccinate,VS,PPD-B,0,1.935,11,Positive,Positive,Positive,Vaccinate_Positive,None
67,445,2,Vaccinate,VS,PPD-B,0,2.517,28,Positive,Positive,Positive,Vaccinate_Positive,None
68,202,I,Vaccinate,V-CS,PPD-B,0,0.503,0,Positive,Positive,Negative,Vaccinate_Negative,Fasciola
69,1105,I,Control,C-VS,PPD-B,0,0.007,44,Positive,Positive,Positive,Control_Positive,None
70,1128,I,Vaccinate,V-VS,PPD-B,0,0.768,0,Negative,Negative,Negative,Vaccinate_Negative,None
71,0068H,I,Vaccinate,V-VS,PPD-B,0,0.795,1,Negative,Negative,Positive,Vaccinate_Positive,None
72,0067H,I,Vaccinate,V-VS,PPD-B,0,0.066,0,Positive,Positive,Negative,Vaccinate_Negative,None
73,0070H,I,Vaccinate,V-CS,PPD-B,0,1.489,3,Negative,Negative,Positive,Vaccinate_Positive,None
74,497,I,Vaccinate,V-VS,PPD-B,0,0.158,1,Negative,Negative,Positive,Vaccinate_Positive,None
75,1135,I,Vaccinate,V-CS,PPD-B,0,0.055,2,Positive,Positive,Positive,Vaccinate_Positive,None
76,119,I,Control,C-VS,PPD-B,0,0.214,3,Positive,Positive,Positive,Control_Positive,None
77,1113,I,Control,C-VS,PPD-B,0,0.051,18,Negative,Negative,Positive,Control_Positive,None
78,120,I,Vaccinate,V-VS,PPD-B,0,1.884,0,Negative,Negative,Negative,Vaccinate_Negative,None
79,078H,I,Control,C-CS,PPD-B,0,0.117,6,Positive,Positive,Positive,Control_Positive,None
80,1111,I,Vaccinate,V-CS,PPD-B,0,0.269,0,Positive,Positive,Negative,Vaccinate_Negative,None
81,495,I,Vaccinate,V-CS,PPD-B,0,0.236,4,Positive,Positive,Positive,Vaccinate_Positive,Fasciola
82,1074.1,I,Control,C-VS,PPD-B,0,0.051,8,Positive,Positive,Positive,Control_Positive,None
83,099.2.3,I,Control,C-VS,PPD-B,0,0.034,2,Positive,Positive,Positive,Control_Positive,None
84,1126,I,Control,C-CS,PPD-B,0,0.011,5,Positive,Positive,Positive,Control_Positive,None
85,491,I,Vaccinate,V-VS,PPD-B,0,1.701,4,Positive,Positive,Positive,Vaccinate_Positive,None
86,489,I,Control,C-VS,PPD-B,0,0.313,5,Positive,Positive,Positive,Control_Positive,None
87,081H,I,Control,C-CS,PPD-B,0,0.311,5,Positive,Positive,Positive,Control_Positive,Fasciola
88,Z014.2.2,I,Control,C-CS,PPD-B,0,0.15,65,Positive,Positive,Positive,Control_Positive,None
89,493,I,Vaccinate,V-CS,PPD-B,0,0.764,0,Negative,Negative,Negative,Vaccinate_Negative,None
90,A.11.2,I,Control,C-VS,PPD-B,0,0.316,0,Positive,Positive,Negative,Control_Negative,None
91,204,I,Control,C-VS,PPD-B,0,0.083,3,Negative,Negative,Positive,Control_Positive,None
92,G201,I,Control,C-VS,PPD-B,0,0.068,0,Negative,Negative,Negative,Control_Negative,None
93,03.2.2.1,I,Vaccinate,V-VS,PPD-B,0,0.126,2,Negative,Negative,Positive,Vaccinate_Positive,None
94,478,I,Control,C-VS,PPD-B,0,0.144,0,Negative,Negative,Negative,Control_Negative,None
95,206,I,Vaccinate,V-CS,PPD-B,0,1.227,3,Negative,Negative,Positive,Vaccinate_Positive,None
96,475,I,Control,C-VS,PPD-B,0,0.061,0,Negative,Negative,Negative,Control_Negative,None
97,1160,I,Control,C-CS,PPD-B,0,0.009,2,Negative,Negative,Positive,Control_Positive,None
98,477,I,Control,C-CS,PPD-B,0,0.008,15,Positive,Positive,Positive,Control_Positive,Fasciola
99,207,I,Vaccinate,V-CS,PPD-B,0,1.041,2,Positive,Positive,Positive,Vaccinate_Positive,None
100,055.1.3,I,Control,C-CS,PPD-B,0,0.3,3,Positive,Positive,Positive,Control_Positive,None
101,1165,I,Control,C-CS,PPD-B,0,-0.004,2,Negative,Negative,Positive,Control_Positive,None
102,1141,I,Control,C-VS,PPD-B,0,0.011,3,Negative,Negative,Positive,Control_Positive,None
103,1154,I,Vaccinate,V-CS,PPD-B,0,0.015,6,Positive,Positive,Positive,Vaccinate_Positive,None
104,1159,I,Vaccinate,V-VS,PPD-B,0,1.283,0,Negative,Negative,Negative,Vaccinate_Negative,None
105,1147,I,Vaccinate,V-CS,PPD-B,0,0.531,0,Negative,Negative,Negative,Vaccinate_Negative,None
106,96.5,II,Control,C-VS,PPD-B,0,0.021,4,Positive,Positive,Positive,Control_Positive,None
107,099.2.1.1,II,Vaccinate,V-VS,PPD-B,0,0.118,3,Negative,Negative,Positive,Vaccinate_Positive,Fasciola
108,132,II,Control,C-CS,PPD-B,0,-0.015,10,Positive,Positive,Positive,Control_Positive,None
109,1168,II,Vaccinate,V-CS,PPD-B,0,0.019,10,Positive,Positive,Positive,Vaccinate_Positive,None
110,1171,II,Control,C-CS,PPD-B,0,0.061,6,Positive,Positive,Positive,Control_Positive,None
111,1174,II,Control,C-VS,PPD-B,0,0.032,6,Positive,Positive,Positive,Control_Positive,Fasciola
112,1189,II,Control,C-VS,PPD-B,0,0.007,4,Positive,Positive,Positive,Control_Positive,Fasciola
113,1192,II,Control,C-VS,PPD-B,0,0.006,3,Positive,Positive,Positive,Control_Positive,Fasciola
114,1196,II,Vaccinate,V-CS,PPD-B,0,0.04,0,Negative,Negative,Negative,Vaccinate_Negative,None
115,1198,II,Vaccinate,V-VS,PPD-B,0,1.014,58,Positive,Positive,Positive,Vaccinate_Positive,None
116,110.3.4,II,Vaccinate,V-CS,PPD-B,0,0.05,7,Positive,Positive,Positive,Vaccinate_Positive,None
117,081.1.4,II,Vaccinate,V-VS,PPD-B,0,0.018,11,Positive,Positive,Positive,Vaccinate_Positive,Fasciola
118,087.2.3,II,Vaccinate,V-VS,PPD-B,0,0.006,1,Positive,Positive,Negative,Vaccinate_Negative,Fasciola
119,024.2.1.1,II,Control,C-CS,PPD-B,0,-0.092,0,Negative,Negative,Negative,Control_Negative,None
120,083.3.4,II,Control,C-VS,PPD-B,0,-0.07,4,Negative,Negative,Positive,Control_Positive,Fasciola
121,08.2.4.4,II,Control,C-VS,PPD-B,0,-0.053,13,Negative,Negative,Positive,Control_Positive,Fasciola
122,410.1.1.2,II,Vaccinate,V-VS,PPD-B,0,0.009,3,Positive,Positive,Positive,Vaccinate_Positive,Fasciola
123,135,II,Vaccinate,V-VS,PPD-B,0,-0.077,2,Positive,Positive,Positive,Vaccinate_Positive,None
124,139,II,Vaccinate,V-CS,PPD-B,0,0.181,1,Positive,Positive,Positive,Vaccinate_Positive,None
125,140,II,Vaccinate,V-CS,PPD-B,0,0.058,0,Positive,Positive,Negative,Vaccinate_Negative,Fasciola
126,501,II,Vaccinate,V-VS,PPD-B,0,0.191,4,Positive,Positive,Positive,Vaccinate_Positive,Fasciola
127,503,II,Control,C-CS,PPD-B,0,0.061,5,Positive,Positive,Positive,Control_Positive,None
128,505,II,Vaccinate,V-VS,PPD-B,0,0.185,6,Positive,Positive,Positive,Vaccinate_Positive,None
129,507,II,Vaccinate,V-CS,PPD-B,0,0.133,5,Positive,Positive,Positive,Vaccinate_Positive,None
130,183,II,Control,C-CS,PPD-B,0,0.153,13,Positive,Positive,Positive,Control_Positive,Fasciola
131,182,II,Control,C-CS,PPD-B,0,0.237,2,Positive,Positive,Positive,Control_Positive,None
132,180,II,Vaccinate,V-CS,PPD-B,0,0.175,0,Negative,Negative,Negative,Vaccinate_Negative,None
133,196,II,Control,C-CS,PPD-B,0,0.261,35,Positive,Positive,Positive,Control_Positive,None
134,199,II,Control,C-CS,PPD-B,0,1.337,12,Positive,Positive,Positive,Control_Positive,None
1,119.1.3,1,Control,CS,PPD-B,2,0.021,116,Positive,Positive,Positive,Control_Positive,None
2,933,1,Control,CS,PPD-B,2,0.062,60,Positive,Positive,Positive,Control_Positive,None
3,893,1,Control,CS,PPD-B,2,0.008,10,Positive,Positive,Positive,Control_Positive,None
4,928,1,Control,CS,PPD-B,2,2.952,15,Negative,Negative,Positive,Control_Positive,Fasciola
5,091.1.3,1,Control,CS,PPD-B,2,2.603,23,Negative,Negative,Positive,Control_Positive,None
6,522,1,Control,CS,PPD-B,2,0.42,4,Positive,Positive,Positive,Control_Positive,None
7,891,1,Control,CS,PPD-B,2,0.026,3,Positive,Positive,Positive,Control_Positive,None
8,870,1,Control,CS,PPD-B,2,0.256,11,Negative,Negative,Positive,Control_Positive,None
9,525,1,Control,CS,PPD-B,2,0.09,53,Negative,Negative,Positive,Control_Positive,None
10,79,1,Control,CS,PPD-B,2,0.837,2,Negative,Negative,Positive,Control_Positive,None
11,448,1,Control,CS,PPD-B,2,0.106,71,Positive,Positive,Positive,Control_Positive,None
12,880,1,Control,CS,PPD-B,2,0.036,78,Positive,Positive,Positive,Control_Positive,None
13,520,1,Control,CS,PPD-B,2,0.117,34,Positive,Positive,Positive,Control_Positive,None
14,885,1,Control,CS,PPD-B,2,0.417,12,Positive,Positive,Positive,Control_Positive,None
15,882,1,Control,CS,PPD-B,2,-0.015,72,Positive,Positive,Positive,Control_Positive,None
16,443,1,Control,CS,PPD-B,2,0.151,23,Positive,Positive,Positive,Control_Positive,Fasciola
17,521,1,Control,CS,PPD-B,2,0.017,16,Negative,Negative,Positive,Control_Positive,Fasciola
18,098.1.1.2,1,Vaccinate,VS,PPD-B,2,0.497,28,Positive,Positive,Positive,Vaccinate_Positive,None
19,919,1,Vaccinate,VS,PPD-B,2,0.257,72,Negative,Negative,Positive,Vaccinate_Positive,Fasciola
20,518,1,Vaccinate,VS,PPD-B,2,0.108,0,Negative,Negative,Negative,Vaccinate_Negative,None
21,936,1,Vaccinate,VS,PPD-B,2,0.575,5,Negative,Negative,Positive,Vaccinate_Positive,None
22,087.2.2,1,Vaccinate,VS,PPD-B,2,0.346,9,Negative,Negative,Positive,Vaccinate_Positive,None
23,890,1,Vaccinate,VS,PPD-B,2,0.29,0,Negative,Negative,Negative,Vaccinate_Negative,None
24,914,1,Vaccinate,VS,PPD-B,2,0.119,4,Negative,Negative,Positive,Vaccinate_Positive,None
25,889,1,Vaccinate,VS,PPD-B,2,0.253,11,Positive,Positive,Positive,Vaccinate_Positive,None
26,102.1.1.1,1,Vaccinate,VS,PPD-B,2,0.559,15,Positive,Positive,Positive,Vaccinate_Positive,None
27,77,1,Vaccinate,VS,PPD-B,2,0.065,19,Positive,Positive,Positive,Vaccinate_Positive,None
28,901,1,Vaccinate,VS,PPD-B,2,0.414,8,Positive,Positive,Positive,Vaccinate_Positive,Fasciola
29,902,1,Vaccinate,VS,PPD-B,2,0.094,9,Positive,Positive,Positive,Vaccinate_Positive,None
30,875,1,Vaccinate,VS,PPD-B,2,2.555,8,Positive,Positive,Positive,Vaccinate_Positive,None
31,895,1,Vaccinate,VS,PPD-B,2,0.372,7,Negative,Negative,Positive,Vaccinate_Positive,None
32,524,1,Vaccinate,VS,PPD-B,2,0.221,4,Positive,Positive,Positive,Vaccinate_Positive,None
33,449,1,Vaccinate,VS,PPD-B,2,1.114,6,Positive,Positive,Positive,Vaccinate_Positive,None
34,84,1,Vaccinate,VS,PPD-B,2,0.077,3,Positive,Positive,Positive,Vaccinate_Positive,Fasciola
35,957,2,Control,CS,PPD-B,2,0.091,28,Positive,Positive,Positive,Control_Positive,None
36,954,2,Control,CS,PPD-B,2,0.083,49,Positive,Positive,Positive,Control_Positive,None
37,967,2,Control,CS,PPD-B,2,0.024,13,Positive,Positive,Positive,Control_Positive,Fasciola
38,966,2,Control,CS,PPD-B,2,0.114,10,Positive,Positive,Positive,Control_Positive,None
39,956,2,Control,CS,PPD-B,2,3.808,78,Positive,Positive,Positive,Control_Positive,None
40,960,2,Control,CS,PPD-B,2,0.174,95,Positive,Positive,Positive,Control_Positive,None
41,54,2,Control,CS,PPD-B,2,-0.01,39,Positive,Positive,Positive,Control_Positive,None
42,455,2,Control,CS,PPD-B,2,0.03,38,Positive,Positive,Positive,Control_Positive,None
43,50,2,Control,CS,PPD-B,2,0.177,12,Positive,Positive,Positive,Control_Positive,None
44,453,2,Control,CS,PPD-B,2,1.83,8,Negative,Negative,Positive,Control_Positive,Fasciola
45,942,2,Control,CS,PPD-B,2,1.769,13,Positive,Positive,Positive,Control_Positive,Fasciola
46,653,2,Control,CS,PPD-B,2,3.582,31,Positive,Positive,Positive,Control_Positive,Fasciola
47,457,2,Control,CS,PPD-B,2,3.287,14,Positive,Positive,Positive,Control_Positive,None
48,924,2,Control,CS,PPD-B,2,0.128,23,Negative,Negative,Positive,Control_Positive,Fasciola
49,938,2,Control,CS,PPD-B,2,0.002,0,Negative,Negative,Negative,Control_Negative,None
50,926,2,Control,CS,PPD-B,2,3.274,104,Positive,Positive,Positive,Control_Positive,None
51,964,2,Vaccinate,VS,PPD-B,2,0.294,23,Positive,Positive,Positive,Vaccinate_Positive,None
52,962,2,Vaccinate,VS,PPD-B,2,-0.221,16,Positive,Positive,Positive,Vaccinate_Positive,None
53,959,2,Vaccinate,VS,PPD-B,2,0.5,64,Positive,Positive,Positive,Vaccinate_Positive,None
54,48,2,Vaccinate,VS,PPD-B,2,0.298,0,Positive,Positive,Negative,Vaccinate_Negative,None
55,449,2,Vaccinate,VS,PPD-B,2,0.603,6,Negative,Negative,Positive,Vaccinate_Positive,None
56,63,2,Vaccinate,VS,PPD-B,2,0.365,39,Positive,Positive,Positive,Vaccinate_Positive,None
57,948,2,Vaccinate,VS,PPD-B,2,0.004,1,Negative,Negative,Positive,Vaccinate_Positive,Fasciola
58,64,2,Vaccinate,VS,PPD-B,2,0.075,4,Positive,Positive,Positive,Vaccinate_Positive,None
59,713,2,Vaccinate,VS,PPD-B,2,0.024,100,Positive,Positive,Positive,Vaccinate_Positive,None
60,52,2,Vaccinate,VS,PPD-B,2,3.529,35,Positive,Positive,Positive,Vaccinate_Positive,None
61,51,2,Vaccinate,VS,PPD-B,2,0.172,18,Negative,Negative,Positive,Vaccinate_Positive,None
62,65,2,Vaccinate,VS,PPD-B,2,0.015,16,Negative,Negative,Positive,Vaccinate_Positive,None
63,945,2,Vaccinate,VS,PPD-B,2,0.017,6,Positive,Positive,Positive,Vaccinate_Positive,None
64,459,2,Vaccinate,VS,PPD-B,2,0.126,4,Positive,Positive,Positive,Vaccinate_Positive,None
65,934,2,Vaccinate,VS,PPD-B,2,0.08,18,Positive,Positive,Positive,Vaccinate_Positive,None
66,85,2,Vaccinate,VS,PPD-B,2,2.583,11,Positive,Positive,Positive,Vaccinate_Positive,None
67,445,2,Vaccinate,VS,PPD-B,2,0.02,28,Positive,Positive,Positive,Vaccinate_Positive,None
68,202,I,Vaccinate,V-CS,PPD-B,2,0.065,0,Positive,Positive,Negative,Vaccinate_Negative,Fasciola
69,1105,I,Control,C-VS,PPD-B,2,-0.005,44,Positive,Positive,Positive,Control_Positive,None
70,1128,I,Vaccinate,V-VS,PPD-B,2,0.153,0,Negative,Negative,Negative,Vaccinate_Negative,None
71,0068H,I,Vaccinate,V-VS,PPD-B,2,0.095,1,Negative,Negative,Positive,Vaccinate_Positive,None
72,0067H,I,Vaccinate,V-VS,PPD-B,2,0.139,0,Positive,Positive,Negative,Vaccinate_Negative,None
73,0070H,I,Vaccinate,V-CS,PPD-B,2,0.001,3,Negative,Negative,Positive,Vaccinate_Positive,None
74,497,I,Vaccinate,V-VS,PPD-B,2,0.14,1,Negative,Negative,Positive,Vaccinate_Positive,None
75,1135,I,Vaccinate,V-CS,PPD-B,2,0.082,2,Positive,Positive,Positive,Vaccinate_Positive,None
76,119,I,Control,C-VS,PPD-B,2,0.648,3,Positive,Positive,Positive,Control_Positive,None
77,1113,I,Control,C-VS,PPD-B,2,0.006,18,Negative,Negative,Positive,Control_Positive,None
78,120,I,Vaccinate,V-VS,PPD-B,2,0.924,0,Negative,Negative,Negative,Vaccinate_Negative,None
79,078H,I,Control,C-CS,PPD-B,2,0.05,6,Positive,Positive,Positive,Control_Positive,None
80,1111,I,Vaccinate,V-CS,PPD-B,2,0.095,0,Positive,Positive,Negative,Vaccinate_Negative,None
81,495,I,Vaccinate,V-CS,PPD-B,2,0.114,4,Positive,Positive,Positive,Vaccinate_Positive,Fasciola
82,1074.1,I,Control,C-VS,PPD-B,2,0.038,8,Positive,Positive,Positive,Control_Positive,None
83,099.2.3,I,Control,C-VS,PPD-B,2,0.014,2,Positive,Positive,Positive,Control_Positive,None
84,1126,I,Control,C-CS,PPD-B,2,1.373,5,Positive,Positive,Positive,Control_Positive,None
85,491,I,Vaccinate,V-VS,PPD-B,2,0.548,4,Positive,Positive,Positive,Vaccinate_Positive,None
86,489,I,Control,C-VS,PPD-B,2,0.016,5,Positive,Positive,Positive,Control_Positive,None
87,081H,I,Control,C-CS,PPD-B,2,0.137,5,Positive,Positive,Positive,Control_Positive,Fasciola
88,Z014.2.2,I,Control,C-CS,PPD-B,2,0.067,65,Positive,Positive,Positive,Control_Positive,None
89,493,I,Vaccinate,V-CS,PPD-B,2,0.166,0,Negative,Negative,Negative,Vaccinate_Negative,None
90,A.11.2,I,Control,C-VS,PPD-B,2,0.101,0,Positive,Positive,Negative,Control_Negative,None
91,204,I,Control,C-VS,PPD-B,2,0.079,3,Negative,Negative,Positive,Control_Positive,None
92,G201,I,Control,C-VS,PPD-B,2,0.062,0,Negative,Negative,Negative,Control_Negative,None
93,03.2.2.1,I,Vaccinate,V-VS,PPD-B,2,0.11,2,Negative,Negative,Positive,Vaccinate_Positive,None
94,478,I,Control,C-VS,PPD-B,2,0.024,0,Negative,Negative,Negative,Control_Negative,None
95,206,I,Vaccinate,V-CS,PPD-B,2,0.03,3,Negative,Negative,Positive,Vaccinate_Positive,None
96,475,I,Control,C-VS,PPD-B,2,0.045,0,Negative,Negative,Negative,Control_Negative,None
97,1160,I,Control,C-CS,PPD-B,2,0.114,2,Negative,Negative,Positive,Control_Positive,None
98,477,I,Control,C-CS,PPD-B,2,0.001,15,Positive,Positive,Positive,Control_Positive,Fasciola
99,207,I,Vaccinate,V-CS,PPD-B,2,0.226,2,Positive,Positive,Positive,Vaccinate_Positive,None
100,055.1.3,I,Control,C-CS,PPD-B,2,0.16,3,Positive,Positive,Positive,Control_Positive,None
101,1165,I,Control,C-CS,PPD-B,2,-0.001,2,Negative,Negative,Positive,Control_Positive,None
102,1141,I,Control,C-VS,PPD-B,2,0.012,3,Negative,Negative,Positive,Control_Positive,None
103,1154,I,Vaccinate,V-CS,PPD-B,2,0.011,6,Positive,Positive,Positive,Vaccinate_Positive,None
104,1159,I,Vaccinate,V-VS,PPD-B,2,0.326,0,Negative,Negative,Negative,Vaccinate_Negative,None
105,1147,I,Vaccinate,V-CS,PPD-B,2,0.15,0,Negative,Negative,Negative,Vaccinate_Negative,None
106,96.5,II,Control,C-VS,PPD-B,2,0.082,4,Positive,Positive,Positive,Control_Positive,None
107,099.2.1.1,II,Vaccinate,V-VS,PPD-B,2,0.046,3,Negative,Negative,Positive,Vaccinate_Positive,Fasciola
108,132,II,Control,C-CS,PPD-B,2,0.001,10,Positive,Positive,Positive,Control_Positive,None
109,1168,II,Vaccinate,V-CS,PPD-B,2,0.049,10,Positive,Positive,Positive,Vaccinate_Positive,None
110,1171,II,Control,C-CS,PPD-B,2,0.044,6,Positive,Positive,Positive,Control_Positive,None
111,1174,II,Control,C-VS,PPD-B,2,0.028,6,Positive,Positive,Positive,Control_Positive,Fasciola
112,1189,II,Control,C-VS,PPD-B,2,-0.004,4,Positive,Positive,Positive,Control_Positive,Fasciola
113,1192,II,Control,C-VS,PPD-B,2,0.005,3,Positive,Positive,Positive,Control_Positive,Fasciola
114,1196,II,Vaccinate,V-CS,PPD-B,2,NA,0,Negative,Negative,Negative,Vaccinate_Negative,None
115,1198,II,Vaccinate,V-VS,PPD-B,2,3.187,58,Positive,Positive,Positive,Vaccinate_Positive,None
116,110.3.4,II,Vaccinate,V-CS,PPD-B,2,0.427,7,Positive,Positive,Positive,Vaccinate_Positive,None
117,081.1.4,II,Vaccinate,V-VS,PPD-B,2,0.069,11,Positive,Positive,Positive,Vaccinate_Positive,Fasciola
118,087.2.3,II,Vaccinate,V-VS,PPD-B,2,0.063,1,Positive,Positive,Negative,Vaccinate_Negative,Fasciola
119,024.2.1.1,II,Control,C-CS,PPD-B,2,NA,0,Negative,Negative,Negative,Control_Negative,None
120,083.3.4,II,Control,C-VS,PPD-B,2,0.043,4,Negative,Negative,Positive,Control_Positive,Fasciola
121,08.2.4.4,II,Control,C-VS,PPD-B,2,0.058,13,Negative,Negative,Positive,Control_Positive,Fasciola
122,410.1.1.2,II,Vaccinate,V-VS,PPD-B,2,0.094,3,Positive,Positive,Positive,Vaccinate_Positive,Fasciola
123,135,II,Vaccinate,V-VS,PPD-B,2,0.176,2,Positive,Positive,Positive,Vaccinate_Positive,None
124,139,II,Vaccinate,V-CS,PPD-B,2,0.513,1,Positive,Positive,Positive,Vaccinate_Positive,None
125,140,II,Vaccinate,V-CS,PPD-B,2,0.148,0,Positive,Positive,Negative,Vaccinate_Negative,Fasciola
126,501,II,Vaccinate,V-VS,PPD-B,2,0.048,4,Positive,Positive,Positive,Vaccinate_Positive,Fasciola
127,503,II,Control,C-CS,PPD-B,2,0.049,5,Positive,Positive,Positive,Control_Positive,None
128,505,II,Vaccinate,V-VS,PPD-B,2,0.295,6,Positive,Positive,Positive,Vaccinate_Positive,None
129,507,II,Vaccinate,V-CS,PPD-B,2,0.045,5,Positive,Positive,Positive,Vaccinate_Positive,None
130,183,II,Control,C-CS,PPD-B,2,4.138,13,Positive,Positive,Positive,Control_Positive,Fasciola
131,182,II,Control,C-CS,PPD-B,2,0.11,2,Positive,Positive,Positive,Control_Positive,None
132,180,II,Vaccinate,V-CS,PPD-B,2,0.038,0,Negative,Negative,Negative,Vaccinate_Negative,None
133,196,II,Control,C-CS,PPD-B,2,-0.053,35,Positive,Positive,Positive,Control_Positive,None
134,199,II,Control,C-CS,PPD-B,2,0.017,12,Positive,Positive,Positive,Control_Positive,None
1,119.1.3,1,Control,CS,PPD-B,4,-0.003,116,Positive,Positive,Positive,Control_Positive,None
2,933,1,Control,CS,PPD-B,4,3.752,60,Positive,Positive,Positive,Control_Positive,None
3,893,1,Control,CS,PPD-B,4,0.037,10,Positive,Positive,Positive,Control_Positive,None
4,928,1,Control,CS,PPD-B,4,0.071,15,Negative,Negative,Positive,Control_Positive,Fasciola
5,091.1.3,1,Control,CS,PPD-B,4,1.245,23,Negative,Negative,Positive,Control_Positive,None
6,522,1,Control,CS,PPD-B,4,1.552,4,Positive,Positive,Positive,Control_Positive,None
7,891,1,Control,CS,PPD-B,4,1.739,3,Positive,Positive,Positive,Control_Positive,None
8,870,1,Control,CS,PPD-B,4,0.131,11,Negative,Negative,Positive,Control_Positive,None
9,525,1,Control,CS,PPD-B,4,3.302,53,Negative,Negative,Positive,Control_Positive,None
10,79,1,Control,CS,PPD-B,4,1.468,2,Negative,Negative,Positive,Control_Positive,None
11,448,1,Control,CS,PPD-B,4,1.156,71,Positive,Positive,Positive,Control_Positive,None
12,880,1,Control,CS,PPD-B,4,0.033,78,Positive,Positive,Positive,Control_Positive,None
13,520,1,Control,CS,PPD-B,4,3.892,34,Positive,Positive,Positive,Control_Positive,None
14,885,1,Control,CS,PPD-B,4,0.363,12,Positive,Positive,Positive,Control_Positive,None
15,882,1,Control,CS,PPD-B,4,0.269,72,Positive,Positive,Positive,Control_Positive,None
16,443,1,Control,CS,PPD-B,4,0.262,23,Positive,Positive,Positive,Control_Positive,Fasciola
17,521,1,Control,CS,PPD-B,4,3.264,16,Negative,Negative,Positive,Control_Positive,Fasciola
18,098.1.1.2,1,Vaccinate,VS,PPD-B,4,0.603,28,Positive,Positive,Positive,Vaccinate_Positive,None
19,919,1,Vaccinate,VS,PPD-B,4,2.499,72,Negative,Negative,Positive,Vaccinate_Positive,Fasciola
20,518,1,Vaccinate,VS,PPD-B,4,NA,0,Negative,Negative,Negative,Vaccinate_Negative,None
21,936,1,Vaccinate,VS,PPD-B,4,2.146,5,Negative,Negative,Positive,Vaccinate_Positive,None
22,087.2.2,1,Vaccinate,VS,PPD-B,4,0.988,9,Negative,Negative,Positive,Vaccinate_Positive,None
23,890,1,Vaccinate,VS,PPD-B,4,NA,0,Negative,Negative,Negative,Vaccinate_Negative,None
24,914,1,Vaccinate,VS,PPD-B,4,0.167,4,Negative,Negative,Positive,Vaccinate_Positive,None
25,889,1,Vaccinate,VS,PPD-B,4,0.399,11,Positive,Positive,Positive,Vaccinate_Positive,None
26,102.1.1.1,1,Vaccinate,VS,PPD-B,4,0.235,15,Positive,Positive,Positive,Vaccinate_Positive,None
27,77,1,Vaccinate,VS,PPD-B,4,0.205,19,Positive,Positive,Positive,Vaccinate_Positive,None
28,901,1,Vaccinate,VS,PPD-B,4,0.221,8,Positive,Positive,Positive,Vaccinate_Positive,Fasciola
29,902,1,Vaccinate,VS,PPD-B,4,0.081,9,Positive,Positive,Positive,Vaccinate_Positive,None
30,875,1,Vaccinate,VS,PPD-B,4,1.47,8,Positive,Positive,Positive,Vaccinate_Positive,None
31,895,1,Vaccinate,VS,PPD-B,4,0.756,7,Negative,Negative,Positive,Vaccinate_Positive,None
32,524,1,Vaccinate,VS,PPD-B,4,0.045,4,Positive,Positive,Positive,Vaccinate_Positive,None
33,449,1,Vaccinate,VS,PPD-B,4,1.381,6,Positive,Positive,Positive,Vaccinate_Positive,None
34,84,1,Vaccinate,VS,PPD-B,4,0.226,3,Positive,Positive,Positive,Vaccinate_Positive,Fasciola
35,957,2,Control,CS,PPD-B,4,0.011,28,Positive,Positive,Positive,Control_Positive,None
36,954,2,Control,CS,PPD-B,4,1.176,49,Positive,Positive,Positive,Control_Positive,None
37,967,2,Control,CS,PPD-B,4,0.009,13,Positive,Positive,Positive,Control_Positive,Fasciola
38,966,2,Control,CS,PPD-B,4,0.002,10,Positive,Positive,Positive,Control_Positive,None
39,956,2,Control,CS,PPD-B,4,0.767,78,Positive,Positive,Positive,Control_Positive,None
40,960,2,Control,CS,PPD-B,4,1.491,95,Positive,Positive,Positive,Control_Positive,None
41,54,2,Control,CS,PPD-B,4,2.005,39,Positive,Positive,Positive,Control_Positive,None
42,455,2,Control,CS,PPD-B,4,0.003,38,Positive,Positive,Positive,Control_Positive,None
43,50,2,Control,CS,PPD-B,4,0.071,12,Positive,Positive,Positive,Control_Positive,None
44,453,2,Control,CS,PPD-B,4,0.639,8,Negative,Negative,Positive,Control_Positive,Fasciola
45,942,2,Control,CS,PPD-B,4,2.209,13,Positive,Positive,Positive,Control_Positive,Fasciola
46,653,2,Control,CS,PPD-B,4,1.366,31,Positive,Positive,Positive,Control_Positive,Fasciola
47,457,2,Control,CS,PPD-B,4,0.629,14,Positive,Positive,Positive,Control_Positive,None
48,924,2,Control,CS,PPD-B,4,0.569,23,Negative,Negative,Positive,Control_Positive,Fasciola
49,938,2,Control,CS,PPD-B,4,0.004,0,Negative,Negative,Negative,Control_Negative,None
50,926,2,Control,CS,PPD-B,4,1.77,104,Positive,Positive,Positive,Control_Positive,None
51,964,2,Vaccinate,VS,PPD-B,4,0.02,23,Positive,Positive,Positive,Vaccinate_Positive,None
52,962,2,Vaccinate,VS,PPD-B,4,0.113,16,Positive,Positive,Positive,Vaccinate_Positive,None
53,959,2,Vaccinate,VS,PPD-B,4,0.501,64,Positive,Positive,Positive,Vaccinate_Positive,None
54,48,2,Vaccinate,VS,PPD-B,4,0.065,0,Positive,Positive,Negative,Vaccinate_Negative,None
55,449,2,Vaccinate,VS,PPD-B,4,0.127,6,Negative,Negative,Positive,Vaccinate_Positive,None
56,63,2,Vaccinate,VS,PPD-B,4,0.096,39,Positive,Positive,Positive,Vaccinate_Positive,None
57,948,2,Vaccinate,VS,PPD-B,4,0.085,1,Negative,Negative,Positive,Vaccinate_Positive,Fasciola
58,64,2,Vaccinate,VS,PPD-B,4,0.012,4,Positive,Positive,Positive,Vaccinate_Positive,None
59,713,2,Vaccinate,VS,PPD-B,4,-0.079,100,Positive,Positive,Positive,Vaccinate_Positive,None
60,52,2,Vaccinate,VS,PPD-B,4,0.224,35,Positive,Positive,Positive,Vaccinate_Positive,None
61,51,2,Vaccinate,VS,PPD-B,4,0.01,18,Negative,Negative,Positive,Vaccinate_Positive,None
62,65,2,Vaccinate,VS,PPD-B,4,0.083,16,Negative,Negative,Positive,Vaccinate_Positive,None
63,945,2,Vaccinate,VS,PPD-B,4,0.002,6,Positive,Positive,Positive,Vaccinate_Positive,None
64,459,2,Vaccinate,VS,PPD-B,4,0.083,4,Positive,Positive,Positive,Vaccinate_Positive,None
65,934,2,Vaccinate,VS,PPD-B,4,0.057,18,Positive,Positive,Positive,Vaccinate_Positive,None
66,85,2,Vaccinate,VS,PPD-B,4,0.592,11,Positive,Positive,Positive,Vaccinate_Positive,None
67,445,2,Vaccinate,VS,PPD-B,4,0.004,28,Positive,Positive,Positive,Vaccinate_Positive,None
68,202,I,Vaccinate,V-CS,PPD-B,4,0.006,0,Positive,Positive,Negative,Vaccinate_Negative,Fasciola
69,1105,I,Control,C-VS,PPD-B,4,0.005,44,Positive,Positive,Positive,Control_Positive,None
70,1128,I,Vaccinate,V-VS,PPD-B,4,0.004,0,Negative,Negative,Negative,Vaccinate_Negative,None
71,0068H,I,Vaccinate,V-VS,PPD-B,4,0.005,1,Negative,Negative,Positive,Vaccinate_Positive,None
72,0067H,I,Vaccinate,V-VS,PPD-B,4,0.002,0,Positive,Positive,Negative,Vaccinate_Negative,None
73,0070H,I,Vaccinate,V-CS,PPD-B,4,0,3,Negative,Negative,Positive,Vaccinate_Positive,None
74,497,I,Vaccinate,V-VS,PPD-B,4,0.135,1,Negative,Negative,Positive,Vaccinate_Positive,None
75,1135,I,Vaccinate,V-CS,PPD-B,4,0.103,2,Positive,Positive,Positive,Vaccinate_Positive,None
76,119,I,Control,C-VS,PPD-B,4,0.043,3,Positive,Positive,Positive,Control_Positive,None
77,1113,I,Control,C-VS,PPD-B,4,0.014,18,Negative,Negative,Positive,Control_Positive,None
78,120,I,Vaccinate,V-VS,PPD-B,4,0.592,0,Negative,Negative,Negative,Vaccinate_Negative,None
79,078H,I,Control,C-CS,PPD-B,4,2.503,6,Positive,Positive,Positive,Control_Positive,None
80,1111,I,Vaccinate,V-CS,PPD-B,4,0.025,0,Positive,Positive,Negative,Vaccinate_Negative,None
81,495,I,Vaccinate,V-CS,PPD-B,4,0.025,4,Positive,Positive,Positive,Vaccinate_Positive,Fasciola
82,1074.1,I,Control,C-VS,PPD-B,4,-0.002,8,Positive,Positive,Positive,Control_Positive,None
83,099.2.3,I,Control,C-VS,PPD-B,4,0.007,2,Positive,Positive,Positive,Control_Positive,None
84,1126,I,Control,C-CS,PPD-B,4,1.027,5,Positive,Positive,Positive,Control_Positive,None
85,491,I,Vaccinate,V-VS,PPD-B,4,0.04,4,Positive,Positive,Positive,Vaccinate_Positive,None
86,489,I,Control,C-VS,PPD-B,4,0.023,5,Positive,Positive,Positive,Control_Positive,None
87,081H,I,Control,C-CS,PPD-B,4,0.435,5,Positive,Positive,Positive,Control_Positive,Fasciola
88,Z014.2.2,I,Control,C-CS,PPD-B,4,-0.022,65,Positive,Positive,Positive,Control_Positive,None
89,493,I,Vaccinate,V-CS,PPD-B,4,0.051,0,Negative,Negative,Negative,Vaccinate_Negative,None
90,A.11.2,I,Control,C-VS,PPD-B,4,0.097,0,Positive,Positive,Negative,Control_Negative,None
91,204,I,Control,C-VS,PPD-B,4,0.024,3,Negative,Negative,Positive,Control_Positive,None
92,G201,I,Control,C-VS,PPD-B,4,0.043,0,Negative,Negative,Negative,Control_Negative,None
93,03.2.2.1,I,Vaccinate,V-VS,PPD-B,4,0.077,2,Negative,Negative,Positive,Vaccinate_Positive,None
94,478,I,Control,C-VS,PPD-B,4,0.003,0,Negative,Negative,Negative,Control_Negative,None
95,206,I,Vaccinate,V-CS,PPD-B,4,0.011,3,Negative,Negative,Positive,Vaccinate_Positive,None
96,475,I,Control,C-VS,PPD-B,4,0.146,0,Negative,Negative,Negative,Control_Negative,None
97,1160,I,Control,C-CS,PPD-B,4,0.127,2,Negative,Negative,Positive,Control_Positive,None
98,477,I,Control,C-CS,PPD-B,4,0.039,15,Positive,Positive,Positive,Control_Positive,Fasciola
99,207,I,Vaccinate,V-CS,PPD-B,4,0.91,2,Positive,Positive,Positive,Vaccinate_Positive,None
100,055.1.3,I,Control,C-CS,PPD-B,4,0.27,3,Positive,Positive,Positive,Control_Positive,None
101,1165,I,Control,C-CS,PPD-B,4,-0.003,2,Negative,Negative,Positive,Control_Positive,None
102,1141,I,Control,C-VS,PPD-B,4,0.017,3,Negative,Negative,Positive,Control_Positive,None
103,1154,I,Vaccinate,V-CS,PPD-B,4,-0.004,6,Positive,Positive,Positive,Vaccinate_Positive,None
104,1159,I,Vaccinate,V-VS,PPD-B,4,0.165,0,Negative,Negative,Negative,Vaccinate_Negative,None
105,1147,I,Vaccinate,V-CS,PPD-B,4,0.226,0,Negative,Negative,Negative,Vaccinate_Negative,None
106,96.5,II,Control,C-VS,PPD-B,4,0.169,4,Positive,Positive,Positive,Control_Positive,None
107,099.2.1.1,II,Vaccinate,V-VS,PPD-B,4,0.049,3,Negative,Negative,Positive,Vaccinate_Positive,Fasciola
108,132,II,Control,C-CS,PPD-B,4,1.328,10,Positive,Positive,Positive,Control_Positive,None
109,1168,II,Vaccinate,V-CS,PPD-B,4,0.276,10,Positive,Positive,Positive,Vaccinate_Positive,None
110,1171,II,Control,C-CS,PPD-B,4,2.817,6,Positive,Positive,Positive,Control_Positive,None
111,1174,II,Control,C-VS,PPD-B,4,0.157,6,Positive,Positive,Positive,Control_Positive,Fasciola
112,1189,II,Control,C-VS,PPD-B,4,0.041,4,Positive,Positive,Positive,Control_Positive,Fasciola
113,1192,II,Control,C-VS,PPD-B,4,0.056,3,Positive,Positive,Positive,Control_Positive,Fasciola
114,1196,II,Vaccinate,V-CS,PPD-B,4,NA,0,Negative,Negative,Negative,Vaccinate_Negative,None
115,1198,II,Vaccinate,V-VS,PPD-B,4,4.403,58,Positive,Positive,Positive,Vaccinate_Positive,None
116,110.3.4,II,Vaccinate,V-CS,PPD-B,4,0.244,7,Positive,Positive,Positive,Vaccinate_Positive,None
117,081.1.4,II,Vaccinate,V-VS,PPD-B,4,0.163,11,Positive,Positive,Positive,Vaccinate_Positive,Fasciola
118,087.2.3,II,Vaccinate,V-VS,PPD-B,4,0.106,1,Positive,Positive,Negative,Vaccinate_Negative,Fasciola
119,024.2.1.1,II,Control,C-CS,PPD-B,4,NA,0,Negative,Negative,Negative,Control_Negative,None
120,083.3.4,II,Control,C-VS,PPD-B,4,0.091,4,Negative,Negative,Positive,Control_Positive,Fasciola
121,08.2.4.4,II,Control,C-VS,PPD-B,4,2.234,13,Negative,Negative,Positive,Control_Positive,Fasciola
122,410.1.1.2,II,Vaccinate,V-VS,PPD-B,4,0.039,3,Positive,Positive,Positive,Vaccinate_Positive,Fasciola
123,135,II,Vaccinate,V-VS,PPD-B,4,0.179,2,Positive,Positive,Positive,Vaccinate_Positive,None
124,139,II,Vaccinate,V-CS,PPD-B,4,2.829,1,Positive,Positive,Positive,Vaccinate_Positive,None
125,140,II,Vaccinate,V-CS,PPD-B,4,0.504,0,Positive,Positive,Negative,Vaccinate_Negative,Fasciola
126,501,II,Vaccinate,V-VS,PPD-B,4,0.187,4,Positive,Positive,Positive,Vaccinate_Positive,Fasciola
127,503,II,Control,C-CS,PPD-B,4,1.459,5,Positive,Positive,Positive,Control_Positive,None
128,505,II,Vaccinate,V-VS,PPD-B,4,0.241,6,Positive,Positive,Positive,Vaccinate_Positive,None
129,507,II,Vaccinate,V-CS,PPD-B,4,3.749,5,Positive,Positive,Positive,Vaccinate_Positive,None
130,183,II,Control,C-CS,PPD-B,4,4.316,13,Positive,Positive,Positive,Control_Positive,Fasciola
131,182,II,Control,C-CS,PPD-B,4,0.776,2,Positive,Positive,Positive,Control_Positive,None
132,180,II,Vaccinate,V-CS,PPD-B,4,0.51,0,Negative,Negative,Negative,Vaccinate_Negative,None
133,196,II,Control,C-CS,PPD-B,4,2.925,35,Positive,Positive,Positive,Control_Positive,None
134,199,II,Control,C-CS,PPD-B,4,0.076,12,Positive,Positive,Positive,Control_Positive,None
1,119.1.3,1,Control,CS,PPD-B,6,0.43,116,Positive,Positive,Positive,Control_Positive,None
2,933,1,Control,CS,PPD-B,6,3.286,60,Positive,Positive,Positive,Control_Positive,None
3,893,1,Control,CS,PPD-B,6,0.248,10,Positive,Positive,Positive,Control_Positive,None
4,928,1,Control,CS,PPD-B,6,0.715,15,Negative,Negative,Positive,Control_Positive,Fasciola
5,091.1.3,1,Control,CS,PPD-B,6,0.753,23,Negative,Negative,Positive,Control_Positive,None
6,522,1,Control,CS,PPD-B,6,1.042,4,Positive,Positive,Positive,Control_Positive,None
7,891,1,Control,CS,PPD-B,6,2.46,3,Positive,Positive,Positive,Control_Positive,None
8,870,1,Control,CS,PPD-B,6,1.598,11,Negative,Negative,Positive,Control_Positive,None
9,525,1,Control,CS,PPD-B,6,3.521,53,Negative,Negative,Positive,Control_Positive,None
10,79,1,Control,CS,PPD-B,6,0.99,2,Negative,Negative,Positive,Control_Positive,None
11,448,1,Control,CS,PPD-B,6,1.375,71,Positive,Positive,Positive,Control_Positive,None
12,880,1,Control,CS,PPD-B,6,1.294,78,Positive,Positive,Positive,Control_Positive,None
13,520,1,Control,CS,PPD-B,6,1.846,34,Positive,Positive,Positive,Control_Positive,None
14,885,1,Control,CS,PPD-B,6,0.339,12,Positive,Positive,Positive,Control_Positive,None
15,882,1,Control,CS,PPD-B,6,2.162,72,Positive,Positive,Positive,Control_Positive,None
16,443,1,Control,CS,PPD-B,6,0.626,23,Positive,Positive,Positive,Control_Positive,Fasciola
17,521,1,Control,CS,PPD-B,6,0.806,16,Negative,Negative,Positive,Control_Positive,Fasciola
18,098.1.1.2,1,Vaccinate,VS,PPD-B,6,1.777,28,Positive,Positive,Positive,Vaccinate_Positive,None
19,919,1,Vaccinate,VS,PPD-B,6,1.06,72,Negative,Negative,Positive,Vaccinate_Positive,Fasciola
20,518,1,Vaccinate,VS,PPD-B,6,NA,0,Negative,Negative,Negative,Vaccinate_Negative,None
21,936,1,Vaccinate,VS,PPD-B,6,2.361,5,Negative,Negative,Positive,Vaccinate_Positive,None
22,087.2.2,1,Vaccinate,VS,PPD-B,6,0.338,9,Negative,Negative,Positive,Vaccinate_Positive,None
23,890,1,Vaccinate,VS,PPD-B,6,NA,0,Negative,Negative,Negative,Vaccinate_Negative,None
24,914,1,Vaccinate,VS,PPD-B,6,0.015,4,Negative,Negative,Positive,Vaccinate_Positive,None
25,889,1,Vaccinate,VS,PPD-B,6,0.572,11,Positive,Positive,Positive,Vaccinate_Positive,None
26,102.1.1.1,1,Vaccinate,VS,PPD-B,6,0.08,15,Positive,Positive,Positive,Vaccinate_Positive,None
27,77,1,Vaccinate,VS,PPD-B,6,0.366,19,Positive,Positive,Positive,Vaccinate_Positive,None
28,901,1,Vaccinate,VS,PPD-B,6,1.316,8,Positive,Positive,Positive,Vaccinate_Positive,Fasciola
29,902,1,Vaccinate,VS,PPD-B,6,0.012,9,Positive,Positive,Positive,Vaccinate_Positive,None
30,875,1,Vaccinate,VS,PPD-B,6,0.363,8,Positive,Positive,Positive,Vaccinate_Positive,None
31,895,1,Vaccinate,VS,PPD-B,6,0.217,7,Negative,Negative,Positive,Vaccinate_Positive,None
32,524,1,Vaccinate,VS,PPD-B,6,0.046,4,Positive,Positive,Positive,Vaccinate_Positive,None
33,449,1,Vaccinate,VS,PPD-B,6,1.927,6,Positive,Positive,Positive,Vaccinate_Positive,None
34,84,1,Vaccinate,VS,PPD-B,6,0.063,3,Positive,Positive,Positive,Vaccinate_Positive,Fasciola
35,957,2,Control,CS,PPD-B,6,0.028,28,Positive,Positive,Positive,Control_Positive,None
36,954,2,Control,CS,PPD-B,6,0.434,49,Positive,Positive,Positive,Control_Positive,None
37,967,2,Control,CS,PPD-B,6,0.24,13,Positive,Positive,Positive,Control_Positive,Fasciola
38,966,2,Control,CS,PPD-B,6,0.262,10,Positive,Positive,Positive,Control_Positive,None
39,956,2,Control,CS,PPD-B,6,0.807,78,Positive,Positive,Positive,Control_Positive,None
40,960,2,Control,CS,PPD-B,6,1.095,95,Positive,Positive,Positive,Control_Positive,None
41,54,2,Control,CS,PPD-B,6,2.243,39,Positive,Positive,Positive,Control_Positive,None
42,455,2,Control,CS,PPD-B,6,-0.001,38,Positive,Positive,Positive,Control_Positive,None
43,50,2,Control,CS,PPD-B,6,1.084,12,Positive,Positive,Positive,Control_Positive,None
44,453,2,Control,CS,PPD-B,6,1.09,8,Negative,Negative,Positive,Control_Positive,Fasciola
45,942,2,Control,CS,PPD-B,6,3.64,13,Positive,Positive,Positive,Control_Positive,Fasciola
46,653,2,Control,CS,PPD-B,6,1.725,31,Positive,Positive,Positive,Control_Positive,Fasciola
47,457,2,Control,CS,PPD-B,6,0.612,14,Positive,Positive,Positive,Control_Positive,None
48,924,2,Control,CS,PPD-B,6,0.989,23,Negative,Negative,Positive,Control_Positive,Fasciola
49,938,2,Control,CS,PPD-B,6,-0.013,0,Negative,Negative,Negative,Control_Negative,None
50,926,2,Control,CS,PPD-B,6,3.146,104,Positive,Positive,Positive,Control_Positive,None
51,964,2,Vaccinate,VS,PPD-B,6,0.175,23,Positive,Positive,Positive,Vaccinate_Positive,None
52,962,2,Vaccinate,VS,PPD-B,6,0.122,16,Positive,Positive,Positive,Vaccinate_Positive,None
53,959,2,Vaccinate,VS,PPD-B,6,0.956,64,Positive,Positive,Positive,Vaccinate_Positive,None
54,48,2,Vaccinate,VS,PPD-B,6,0.009,0,Positive,Positive,Negative,Vaccinate_Negative,None
55,449,2,Vaccinate,VS,PPD-B,6,0.315,6,Negative,Negative,Positive,Vaccinate_Positive,None
56,63,2,Vaccinate,VS,PPD-B,6,0.234,39,Positive,Positive,Positive,Vaccinate_Positive,None
57,948,2,Vaccinate,VS,PPD-B,6,1.098,1,Negative,Negative,Positive,Vaccinate_Positive,Fasciola
58,64,2,Vaccinate,VS,PPD-B,6,0.066,4,Positive,Positive,Positive,Vaccinate_Positive,None
59,713,2,Vaccinate,VS,PPD-B,6,0.006,100,Positive,Positive,Positive,Vaccinate_Positive,None
60,52,2,Vaccinate,VS,PPD-B,6,0.347,35,Positive,Positive,Positive,Vaccinate_Positive,None
61,51,2,Vaccinate,VS,PPD-B,6,0.05,18,Negative,Negative,Positive,Vaccinate_Positive,None
62,65,2,Vaccinate,VS,PPD-B,6,0.049,16,Negative,Negative,Positive,Vaccinate_Positive,None
63,945,2,Vaccinate,VS,PPD-B,6,0.003,6,Positive,Positive,Positive,Vaccinate_Positive,None
64,459,2,Vaccinate,VS,PPD-B,6,0.329,4,Positive,Positive,Positive,Vaccinate_Positive,None
65,934,2,Vaccinate,VS,PPD-B,6,0.075,18,Positive,Positive,Positive,Vaccinate_Positive,None
66,85,2,Vaccinate,VS,PPD-B,6,0.853,11,Positive,Positive,Positive,Vaccinate_Positive,None
67,445,2,Vaccinate,VS,PPD-B,6,0.022,28,Positive,Positive,Positive,Vaccinate_Positive,None
68,202,I,Vaccinate,V-CS,PPD-B,6,0.903,0,Positive,Positive,Negative,Vaccinate_Negative,Fasciola
69,1105,I,Control,C-VS,PPD-B,6,0.106,44,Positive,Positive,Positive,Control_Positive,None
70,1128,I,Vaccinate,V-VS,PPD-B,6,1.057,0,Negative,Negative,Negative,Vaccinate_Negative,None
71,0068H,I,Vaccinate,V-VS,PPD-B,6,0.106,1,Negative,Negative,Positive,Vaccinate_Positive,None
72,0067H,I,Vaccinate,V-VS,PPD-B,6,0.052,0,Positive,Positive,Negative,Vaccinate_Negative,None
73,0070H,I,Vaccinate,V-CS,PPD-B,6,0.258,3,Negative,Negative,Positive,Vaccinate_Positive,None
74,497,I,Vaccinate,V-VS,PPD-B,6,0.044,1,Negative,Negative,Positive,Vaccinate_Positive,None
75,1135,I,Vaccinate,V-CS,PPD-B,6,0.248,2,Positive,Positive,Positive,Vaccinate_Positive,None
76,119,I,Control,C-VS,PPD-B,6,0.127,3,Positive,Positive,Positive,Control_Positive,None
77,1113,I,Control,C-VS,PPD-B,6,0.102,18,Negative,Negative,Positive,Control_Positive,None
78,120,I,Vaccinate,V-VS,PPD-B,6,0.033,0,Negative,Negative,Negative,Vaccinate_Negative,None
79,078H,I,Control,C-CS,PPD-B,6,1.18,6,Positive,Positive,Positive,Control_Positive,None
80,1111,I,Vaccinate,V-CS,PPD-B,6,0.011,0,Positive,Positive,Negative,Vaccinate_Negative,None
81,495,I,Vaccinate,V-CS,PPD-B,6,0.001,4,Positive,Positive,Positive,Vaccinate_Positive,Fasciola
82,1074.1,I,Control,C-VS,PPD-B,6,0.002,8,Positive,Positive,Positive,Control_Positive,None
83,099.2.3,I,Control,C-VS,PPD-B,6,0.009,2,Positive,Positive,Positive,Control_Positive,None
84,1126,I,Control,C-CS,PPD-B,6,1.69,5,Positive,Positive,Positive,Control_Positive,None
85,491,I,Vaccinate,V-VS,PPD-B,6,0.26,4,Positive,Positive,Positive,Vaccinate_Positive,None
86,489,I,Control,C-VS,PPD-B,6,0.045,5,Positive,Positive,Positive,Control_Positive,None
87,081H,I,Control,C-CS,PPD-B,6,1.004,5,Positive,Positive,Positive,Control_Positive,Fasciola
88,Z014.2.2,I,Control,C-CS,PPD-B,6,0.225,65,Positive,Positive,Positive,Control_Positive,None
89,493,I,Vaccinate,V-CS,PPD-B,6,0.214,0,Negative,Negative,Negative,Vaccinate_Negative,None
90,A.11.2,I,Control,C-VS,PPD-B,6,0.084,0,Positive,Positive,Negative,Control_Negative,None
91,204,I,Control,C-VS,PPD-B,6,0.129,3,Negative,Negative,Positive,Control_Positive,None
92,G201,I,Control,C-VS,PPD-B,6,-0.001,0,Negative,Negative,Negative,Control_Negative,None
93,03.2.2.1,I,Vaccinate,V-VS,PPD-B,6,0.116,2,Negative,Negative,Positive,Vaccinate_Positive,None
94,478,I,Control,C-VS,PPD-B,6,0.087,0,Negative,Negative,Negative,Control_Negative,None
95,206,I,Vaccinate,V-CS,PPD-B,6,0.134,3,Negative,Negative,Positive,Vaccinate_Positive,None
96,475,I,Control,C-VS,PPD-B,6,0.436,0,Negative,Negative,Negative,Control_Negative,None
97,1160,I,Control,C-CS,PPD-B,6,0.134,2,Negative,Negative,Positive,Control_Positive,None
98,477,I,Control,C-CS,PPD-B,6,0.046,15,Positive,Positive,Positive,Control_Positive,Fasciola
99,207,I,Vaccinate,V-CS,PPD-B,6,1.288,2,Positive,Positive,Positive,Vaccinate_Positive,None
100,055.1.3,I,Control,C-CS,PPD-B,6,1.689,3,Positive,Positive,Positive,Control_Positive,None
101,1165,I,Control,C-CS,PPD-B,6,0.409,2,Negative,Negative,Positive,Control_Positive,None
102,1141,I,Control,C-VS,PPD-B,6,0.014,3,Negative,Negative,Positive,Control_Positive,None
103,1154,I,Vaccinate,V-CS,PPD-B,6,0.131,6,Positive,Positive,Positive,Vaccinate_Positive,None
104,1159,I,Vaccinate,V-VS,PPD-B,6,0.081,0,Negative,Negative,Negative,Vaccinate_Negative,None
105,1147,I,Vaccinate,V-CS,PPD-B,6,0.261,0,Negative,Negative,Negative,Vaccinate_Negative,None
106,96.5,II,Control,C-VS,PPD-B,6,0.423,4,Positive,Positive,Positive,Control_Positive,None
107,099.2.1.1,II,Vaccinate,V-VS,PPD-B,6,0.571,3,Negative,Negative,Positive,Vaccinate_Positive,Fasciola
108,132,II,Control,C-CS,PPD-B,6,2.206,10,Positive,Positive,Positive,Control_Positive,None
109,1168,II,Vaccinate,V-CS,PPD-B,6,0.344,10,Positive,Positive,Positive,Vaccinate_Positive,None
110,1171,II,Control,C-CS,PPD-B,6,2.661,6,Positive,Positive,Positive,Control_Positive,None
111,1174,II,Control,C-VS,PPD-B,6,1.219,6,Positive,Positive,Positive,Control_Positive,Fasciola
112,1189,II,Control,C-VS,PPD-B,6,1.53,4,Positive,Positive,Positive,Control_Positive,Fasciola
113,1192,II,Control,C-VS,PPD-B,6,0.018,3,Positive,Positive,Positive,Control_Positive,Fasciola
114,1196,II,Vaccinate,V-CS,PPD-B,6,NA,0,Negative,Negative,Negative,Vaccinate_Negative,None
115,1198,II,Vaccinate,V-VS,PPD-B,6,NA,58,Positive,Positive,Positive,Vaccinate_Positive,None
116,110.3.4,II,Vaccinate,V-CS,PPD-B,6,2.132,7,Positive,Positive,Positive,Vaccinate_Positive,None
117,081.1.4,II,Vaccinate,V-VS,PPD-B,6,0.143,11,Positive,Positive,Positive,Vaccinate_Positive,Fasciola
118,087.2.3,II,Vaccinate,V-VS,PPD-B,6,0.118,1,Positive,Positive,Negative,Vaccinate_Negative,Fasciola
119,024.2.1.1,II,Control,C-CS,PPD-B,6,NA,0,Negative,Negative,Negative,Control_Negative,None
120,083.3.4,II,Control,C-VS,PPD-B,6,0.966,4,Negative,Negative,Positive,Control_Positive,Fasciola
121,08.2.4.4,II,Control,C-VS,PPD-B,6,1.945,13,Negative,Negative,Positive,Control_Positive,Fasciola
122,410.1.1.2,II,Vaccinate,V-VS,PPD-B,6,0.018,3,Positive,Positive,Positive,Vaccinate_Positive,Fasciola
123,135,II,Vaccinate,V-VS,PPD-B,6,0.587,2,Positive,Positive,Positive,Vaccinate_Positive,None
124,139,II,Vaccinate,V-CS,PPD-B,6,0.52,1,Positive,Positive,Positive,Vaccinate_Positive,None
125,140,II,Vaccinate,V-CS,PPD-B,6,0.119,0,Positive,Positive,Negative,Vaccinate_Negative,Fasciola
126,501,II,Vaccinate,V-VS,PPD-B,6,1.011,4,Positive,Positive,Positive,Vaccinate_Positive,Fasciola
127,503,II,Control,C-CS,PPD-B,6,0.755,5,Positive,Positive,Positive,Control_Positive,None
128,505,II,Vaccinate,V-VS,PPD-B,6,0.852,6,Positive,Positive,Positive,Vaccinate_Positive,None
129,507,II,Vaccinate,V-CS,PPD-B,6,0.612,5,Positive,Positive,Positive,Vaccinate_Positive,None
130,183,II,Control,C-CS,PPD-B,6,2.344,13,Positive,Positive,Positive,Control_Positive,Fasciola
131,182,II,Control,C-CS,PPD-B,6,0.335,2,Positive,Positive,Positive,Control_Positive,None
132,180,II,Vaccinate,V-CS,PPD-B,6,0.104,0,Negative,Negative,Negative,Vaccinate_Negative,None
133,196,II,Control,C-CS,PPD-B,6,0.284,35,Positive,Positive,Positive,Control_Positive,None
134,199,II,Control,C-CS,PPD-B,6,0.162,12,Positive,Positive,Positive,Control_Positive,None
1,119.1.3,1,Control,CS,PPD-B,8,0.928,116,Positive,Positive,Positive,Control_Positive,None
2,933,1,Control,CS,PPD-B,8,1.198,60,Positive,Positive,Positive,Control_Positive,None
3,893,1,Control,CS,PPD-B,8,2.473,10,Positive,Positive,Positive,Control_Positive,None
4,928,1,Control,CS,PPD-B,8,0.402,15,Negative,Negative,Positive,Control_Positive,Fasciola
5,091.1.3,1,Control,CS,PPD-B,8,0.694,23,Negative,Negative,Positive,Control_Positive,None
6,522,1,Control,CS,PPD-B,8,1.319,4,Positive,Positive,Positive,Control_Positive,None
7,891,1,Control,CS,PPD-B,8,2.393,3,Positive,Positive,Positive,Control_Positive,None
8,870,1,Control,CS,PPD-B,8,1.76,11,Negative,Negative,Positive,Control_Positive,None
9,525,1,Control,CS,PPD-B,8,2.264,53,Negative,Negative,Positive,Control_Positive,None
10,79,1,Control,CS,PPD-B,8,0.708,2,Negative,Negative,Positive,Control_Positive,None
11,448,1,Control,CS,PPD-B,8,1.293,71,Positive,Positive,Positive,Control_Positive,None
12,880,1,Control,CS,PPD-B,8,1.637,78,Positive,Positive,Positive,Control_Positive,None
13,520,1,Control,CS,PPD-B,8,1.835,34,Positive,Positive,Positive,Control_Positive,None
14,885,1,Control,CS,PPD-B,8,0.359,12,Positive,Positive,Positive,Control_Positive,None
15,882,1,Control,CS,PPD-B,8,0.708,72,Positive,Positive,Positive,Control_Positive,None
16,443,1,Control,CS,PPD-B,8,0.441,23,Positive,Positive,Positive,Control_Positive,Fasciola
17,521,1,Control,CS,PPD-B,8,1.068,16,Negative,Negative,Positive,Control_Positive,Fasciola
18,098.1.1.2,1,Vaccinate,VS,PPD-B,8,1.573,28,Positive,Positive,Positive,Vaccinate_Positive,None
19,919,1,Vaccinate,VS,PPD-B,8,1.707,72,Negative,Negative,Positive,Vaccinate_Positive,Fasciola
20,518,1,Vaccinate,VS,PPD-B,8,NA,0,Negative,Negative,Negative,Vaccinate_Negative,None
21,936,1,Vaccinate,VS,PPD-B,8,0.67,5,Negative,Negative,Positive,Vaccinate_Positive,None
22,087.2.2,1,Vaccinate,VS,PPD-B,8,0.218,9,Negative,Negative,Positive,Vaccinate_Positive,None
23,890,1,Vaccinate,VS,PPD-B,8,NA,0,Negative,Negative,Negative,Vaccinate_Negative,None
24,914,1,Vaccinate,VS,PPD-B,8,0.047,4,Negative,Negative,Positive,Vaccinate_Positive,None
25,889,1,Vaccinate,VS,PPD-B,8,1.996,11,Positive,Positive,Positive,Vaccinate_Positive,None
26,102.1.1.1,1,Vaccinate,VS,PPD-B,8,0.29,15,Positive,Positive,Positive,Vaccinate_Positive,None
27,77,1,Vaccinate,VS,PPD-B,8,0.193,19,Positive,Positive,Positive,Vaccinate_Positive,None
28,901,1,Vaccinate,VS,PPD-B,8,2.26,8,Positive,Positive,Positive,Vaccinate_Positive,Fasciola
29,902,1,Vaccinate,VS,PPD-B,8,0.466,9,Positive,Positive,Positive,Vaccinate_Positive,None
30,875,1,Vaccinate,VS,PPD-B,8,0.728,8,Positive,Positive,Positive,Vaccinate_Positive,None
31,895,1,Vaccinate,VS,PPD-B,8,0.12,7,Negative,Negative,Positive,Vaccinate_Positive,None
32,524,1,Vaccinate,VS,PPD-B,8,0.043,4,Positive,Positive,Positive,Vaccinate_Positive,None
33,449,1,Vaccinate,VS,PPD-B,8,2.917,6,Positive,Positive,Positive,Vaccinate_Positive,None
34,84,1,Vaccinate,VS,PPD-B,8,0.04,3,Positive,Positive,Positive,Vaccinate_Positive,Fasciola
35,957,2,Control,CS,PPD-B,8,2.733,28,Positive,Positive,Positive,Control_Positive,None
36,954,2,Control,CS,PPD-B,8,2.59,49,Positive,Positive,Positive,Control_Positive,None
37,967,2,Control,CS,PPD-B,8,3.859,13,Positive,Positive,Positive,Control_Positive,Fasciola
38,966,2,Control,CS,PPD-B,8,0.025,10,Positive,Positive,Positive,Control_Positive,None
39,956,2,Control,CS,PPD-B,8,0.44,78,Positive,Positive,Positive,Control_Positive,None
40,960,2,Control,CS,PPD-B,8,2.046,95,Positive,Positive,Positive,Control_Positive,None
41,54,2,Control,CS,PPD-B,8,3.925,39,Positive,Positive,Positive,Control_Positive,None
42,455,2,Control,CS,PPD-B,8,0.024,38,Positive,Positive,Positive,Control_Positive,None
43,50,2,Control,CS,PPD-B,8,2.697,12,Positive,Positive,Positive,Control_Positive,None
44,453,2,Control,CS,PPD-B,8,0.734,8,Negative,Negative,Positive,Control_Positive,Fasciola
45,942,2,Control,CS,PPD-B,8,3.047,13,Positive,Positive,Positive,Control_Positive,Fasciola
46,653,2,Control,CS,PPD-B,8,1.634,31,Positive,Positive,Positive,Control_Positive,Fasciola
47,457,2,Control,CS,PPD-B,8,1.645,14,Positive,Positive,Positive,Control_Positive,None
48,924,2,Control,CS,PPD-B,8,1.75,23,Negative,Negative,Positive,Control_Positive,Fasciola
49,938,2,Control,CS,PPD-B,8,NA,0,Negative,Negative,Negative,Control_Negative,None
50,926,2,Control,CS,PPD-B,8,0.968,104,Positive,Positive,Positive,Control_Positive,None
51,964,2,Vaccinate,VS,PPD-B,8,0.019,23,Positive,Positive,Positive,Vaccinate_Positive,None
52,962,2,Vaccinate,VS,PPD-B,8,0.527,16,Positive,Positive,Positive,Vaccinate_Positive,None
53,959,2,Vaccinate,VS,PPD-B,8,1.003,64,Positive,Positive,Positive,Vaccinate_Positive,None
54,48,2,Vaccinate,VS,PPD-B,8,0.348,0,Positive,Positive,Negative,Vaccinate_Negative,None
55,449,2,Vaccinate,VS,PPD-B,8,0.636,6,Negative,Negative,Positive,Vaccinate_Positive,None
56,63,2,Vaccinate,VS,PPD-B,8,0.378,39,Positive,Positive,Positive,Vaccinate_Positive,None
57,948,2,Vaccinate,VS,PPD-B,8,0.849,1,Negative,Negative,Positive,Vaccinate_Positive,Fasciola
58,64,2,Vaccinate,VS,PPD-B,8,0.066,4,Positive,Positive,Positive,Vaccinate_Positive,None
59,713,2,Vaccinate,VS,PPD-B,8,-0.026,100,Positive,Positive,Positive,Vaccinate_Positive,None
60,52,2,Vaccinate,VS,PPD-B,8,0.783,35,Positive,Positive,Positive,Vaccinate_Positive,None
61,51,2,Vaccinate,VS,PPD-B,8,0.07,18,Negative,Negative,Positive,Vaccinate_Positive,None
62,65,2,Vaccinate,VS,PPD-B,8,0.229,16,Negative,Negative,Positive,Vaccinate_Positive,None
63,945,2,Vaccinate,VS,PPD-B,8,1.167,6,Positive,Positive,Positive,Vaccinate_Positive,None
64,459,2,Vaccinate,VS,PPD-B,8,2.618,4,Positive,Positive,Positive,Vaccinate_Positive,None
65,934,2,Vaccinate,VS,PPD-B,8,0.047,18,Positive,Positive,Positive,Vaccinate_Positive,None
66,85,2,Vaccinate,VS,PPD-B,8,0.713,11,Positive,Positive,Positive,Vaccinate_Positive,None
67,445,2,Vaccinate,VS,PPD-B,8,0.076,28,Positive,Positive,Positive,Vaccinate_Positive,None
68,202,I,Vaccinate,V-CS,PPD-B,8,2.732,0,Positive,Positive,Negative,Vaccinate_Negative,Fasciola
69,1105,I,Control,C-VS,PPD-B,8,4.396,44,Positive,Positive,Positive,Control_Positive,None
70,1128,I,Vaccinate,V-VS,PPD-B,8,0.118,0,Negative,Negative,Negative,Vaccinate_Negative,None
71,0068H,I,Vaccinate,V-VS,PPD-B,8,0.317,1,Negative,Negative,Positive,Vaccinate_Positive,None
72,0067H,I,Vaccinate,V-VS,PPD-B,8,1.131,0,Positive,Positive,Negative,Vaccinate_Negative,None
73,0070H,I,Vaccinate,V-CS,PPD-B,8,0.3,3,Negative,Negative,Positive,Vaccinate_Positive,None
74,497,I,Vaccinate,V-VS,PPD-B,8,0.161,1,Negative,Negative,Positive,Vaccinate_Positive,None
75,1135,I,Vaccinate,V-CS,PPD-B,8,1.657,2,Positive,Positive,Positive,Vaccinate_Positive,None
76,119,I,Control,C-VS,PPD-B,8,0.642,3,Positive,Positive,Positive,Control_Positive,None
77,1113,I,Control,C-VS,PPD-B,8,0.108,18,Negative,Negative,Positive,Control_Positive,None
78,120,I,Vaccinate,V-VS,PPD-B,8,0.176,0,Negative,Negative,Negative,Vaccinate_Negative,None
79,078H,I,Control,C-CS,PPD-B,8,2.291,6,Positive,Positive,Positive,Control_Positive,None
80,1111,I,Vaccinate,V-CS,PPD-B,8,0.555,0,Positive,Positive,Negative,Vaccinate_Negative,None
81,495,I,Vaccinate,V-CS,PPD-B,8,1.706,4,Positive,Positive,Positive,Vaccinate_Positive,Fasciola
82,1074.1,I,Control,C-VS,PPD-B,8,0.087,8,Positive,Positive,Positive,Control_Positive,None
83,099.2.3,I,Control,C-VS,PPD-B,8,0.072,2,Positive,Positive,Positive,Control_Positive,None
84,1126,I,Control,C-CS,PPD-B,8,3.005,5,Positive,Positive,Positive,Control_Positive,None
85,491,I,Vaccinate,V-VS,PPD-B,8,0.355,4,Positive,Positive,Positive,Vaccinate_Positive,None
86,489,I,Control,C-VS,PPD-B,8,0.111,5,Positive,Positive,Positive,Control_Positive,None
87,081H,I,Control,C-CS,PPD-B,8,1.326,5,Positive,Positive,Positive,Control_Positive,Fasciola
88,Z014.2.2,I,Control,C-CS,PPD-B,8,1.466,65,Positive,Positive,Positive,Control_Positive,None
89,493,I,Vaccinate,V-CS,PPD-B,8,1.64,0,Negative,Negative,Negative,Vaccinate_Negative,None
90,A.11.2,I,Control,C-VS,PPD-B,8,1.481,0,Positive,Positive,Negative,Control_Negative,None
91,204,I,Control,C-VS,PPD-B,8,0.047,3,Negative,Negative,Positive,Control_Positive,None
92,G201,I,Control,C-VS,PPD-B,8,0.056,0,Negative,Negative,Negative,Control_Negative,None
93,03.2.2.1,I,Vaccinate,V-VS,PPD-B,8,0.12,2,Negative,Negative,Positive,Vaccinate_Positive,None
94,478,I,Control,C-VS,PPD-B,8,0.011,0,Negative,Negative,Negative,Control_Negative,None
95,206,I,Vaccinate,V-CS,PPD-B,8,0.228,3,Negative,Negative,Positive,Vaccinate_Positive,None
96,475,I,Control,C-VS,PPD-B,8,0.682,0,Negative,Negative,Negative,Control_Negative,None
97,1160,I,Control,C-CS,PPD-B,8,1.563,2,Negative,Negative,Positive,Control_Positive,None
98,477,I,Control,C-CS,PPD-B,8,1.194,15,Positive,Positive,Positive,Control_Positive,Fasciola
99,207,I,Vaccinate,V-CS,PPD-B,8,3.396,2,Positive,Positive,Positive,Vaccinate_Positive,None
100,055.1.3,I,Control,C-CS,PPD-B,8,2.142,3,Positive,Positive,Positive,Control_Positive,None
101,1165,I,Control,C-CS,PPD-B,8,0.872,2,Negative,Negative,Positive,Control_Positive,None
102,1141,I,Control,C-VS,PPD-B,8,0.033,3,Negative,Negative,Positive,Control_Positive,None
103,1154,I,Vaccinate,V-CS,PPD-B,8,0.191,6,Positive,Positive,Positive,Vaccinate_Positive,None
104,1159,I,Vaccinate,V-VS,PPD-B,8,0.709,0,Negative,Negative,Negative,Vaccinate_Negative,None
105,1147,I,Vaccinate,V-CS,PPD-B,8,0.597,0,Negative,Negative,Negative,Vaccinate_Negative,None
106,96.5,II,Control,C-VS,PPD-B,8,0.629,4,Positive,Positive,Positive,Control_Positive,None
107,099.2.1.1,II,Vaccinate,V-VS,PPD-B,8,0.054,3,Negative,Negative,Positive,Vaccinate_Positive,Fasciola
108,132,II,Control,C-CS,PPD-B,8,0.801,10,Positive,Positive,Positive,Control_Positive,None
109,1168,II,Vaccinate,V-CS,PPD-B,8,0.03,10,Positive,Positive,Positive,Vaccinate_Positive,None
110,1171,II,Control,C-CS,PPD-B,8,0.451,6,Positive,Positive,Positive,Control_Positive,None
111,1174,II,Control,C-VS,PPD-B,8,0.077,6,Positive,Positive,Positive,Control_Positive,Fasciola
112,1189,II,Control,C-VS,PPD-B,8,-0.06,4,Positive,Positive,Positive,Control_Positive,Fasciola
113,1192,II,Control,C-VS,PPD-B,8,0.04,3,Positive,Positive,Positive,Control_Positive,Fasciola
114,1196,II,Vaccinate,V-CS,PPD-B,8,NA,0,Negative,Negative,Negative,Vaccinate_Negative,None
115,1198,II,Vaccinate,V-VS,PPD-B,8,NA,58,Positive,Positive,Positive,Vaccinate_Positive,None
116,110.3.4,II,Vaccinate,V-CS,PPD-B,8,0.132,7,Positive,Positive,Positive,Vaccinate_Positive,None
117,081.1.4,II,Vaccinate,V-VS,PPD-B,8,0.554,11,Positive,Positive,Positive,Vaccinate_Positive,Fasciola
118,087.2.3,II,Vaccinate,V-VS,PPD-B,8,0.057,1,Positive,Positive,Negative,Vaccinate_Negative,Fasciola
119,024.2.1.1,II,Control,C-CS,PPD-B,8,NA,0,Negative,Negative,Negative,Control_Negative,None
120,083.3.4,II,Control,C-VS,PPD-B,8,0.065,4,Negative,Negative,Positive,Control_Positive,Fasciola
121,08.2.4.4,II,Control,C-VS,PPD-B,8,0.111,13,Negative,Negative,Positive,Control_Positive,Fasciola
122,410.1.1.2,II,Vaccinate,V-VS,PPD-B,8,0.012,3,Positive,Positive,Positive,Vaccinate_Positive,Fasciola
123,135,II,Vaccinate,V-VS,PPD-B,8,0.311,2,Positive,Positive,Positive,Vaccinate_Positive,None
124,139,II,Vaccinate,V-CS,PPD-B,8,0.456,1,Positive,Positive,Positive,Vaccinate_Positive,None
125,140,II,Vaccinate,V-CS,PPD-B,8,3.53,0,Positive,Positive,Negative,Vaccinate_Negative,Fasciola
126,501,II,Vaccinate,V-VS,PPD-B,8,0.003,4,Positive,Positive,Positive,Vaccinate_Positive,Fasciola
127,503,II,Control,C-CS,PPD-B,8,1.734,5,Positive,Positive,Positive,Control_Positive,None
128,505,II,Vaccinate,V-VS,PPD-B,8,1.181,6,Positive,Positive,Positive,Vaccinate_Positive,None
129,507,II,Vaccinate,V-CS,PPD-B,8,0.742,5,Positive,Positive,Positive,Vaccinate_Positive,None
130,183,II,Control,C-CS,PPD-B,8,1.256,13,Positive,Positive,Positive,Control_Positive,Fasciola
131,182,II,Control,C-CS,PPD-B,8,0.038,2,Positive,Positive,Positive,Control_Positive,None
132,180,II,Vaccinate,V-CS,PPD-B,8,0.088,0,Negative,Negative,Negative,Vaccinate_Negative,None
133,196,II,Control,C-CS,PPD-B,8,1.145,35,Positive,Positive,Positive,Control_Positive,None
134,199,II,Control,C-CS,PPD-B,8,-0.091,12,Positive,Positive,Positive,Control_Positive,None
1,119.1.3,1,Control,CS,PPD-B,10,1.214,116,Positive,Positive,Positive,Control_Positive,None
2,933,1,Control,CS,PPD-B,10,2.148,60,Positive,Positive,Positive,Control_Positive,None
3,893,1,Control,CS,PPD-B,10,0.968,10,Positive,Positive,Positive,Control_Positive,None
4,928,1,Control,CS,PPD-B,10,1.146,15,Negative,Negative,Positive,Control_Positive,Fasciola
5,091.1.3,1,Control,CS,PPD-B,10,1.115,23,Negative,Negative,Positive,Control_Positive,None
6,522,1,Control,CS,PPD-B,10,0.987,4,Positive,Positive,Positive,Control_Positive,None
7,891,1,Control,CS,PPD-B,10,2.675,3,Positive,Positive,Positive,Control_Positive,None
8,870,1,Control,CS,PPD-B,10,2.237,11,Negative,Negative,Positive,Control_Positive,None
9,525,1,Control,CS,PPD-B,10,2.439,53,Negative,Negative,Positive,Control_Positive,None
10,79,1,Control,CS,PPD-B,10,1.636,2,Negative,Negative,Positive,Control_Positive,None
11,448,1,Control,CS,PPD-B,10,0.77,71,Positive,Positive,Positive,Control_Positive,None
12,880,1,Control,CS,PPD-B,10,2.187,78,Positive,Positive,Positive,Control_Positive,None
13,520,1,Control,CS,PPD-B,10,2.198,34,Positive,Positive,Positive,Control_Positive,None
14,885,1,Control,CS,PPD-B,10,0.986,12,Positive,Positive,Positive,Control_Positive,None
15,882,1,Control,CS,PPD-B,10,0.911,72,Positive,Positive,Positive,Control_Positive,None
16,443,1,Control,CS,PPD-B,10,0.575,23,Positive,Positive,Positive,Control_Positive,Fasciola
17,521,1,Control,CS,PPD-B,10,0.879,16,Negative,Negative,Positive,Control_Positive,Fasciola
18,098.1.1.2,1,Vaccinate,VS,PPD-B,10,1.008,28,Positive,Positive,Positive,Vaccinate_Positive,None
19,919,1,Vaccinate,VS,PPD-B,10,1.013,72,Negative,Negative,Positive,Vaccinate_Positive,Fasciola
20,518,1,Vaccinate,VS,PPD-B,10,NA,0,Negative,Negative,Negative,Vaccinate_Negative,None
21,936,1,Vaccinate,VS,PPD-B,10,1.246,5,Negative,Negative,Positive,Vaccinate_Positive,None
22,087.2.2,1,Vaccinate,VS,PPD-B,10,0.473,9,Negative,Negative,Positive,Vaccinate_Positive,None
23,890,1,Vaccinate,VS,PPD-B,10,NA,0,Negative,Negative,Negative,Vaccinate_Negative,None
24,914,1,Vaccinate,VS,PPD-B,10,0.15,4,Negative,Negative,Positive,Vaccinate_Positive,None
25,889,1,Vaccinate,VS,PPD-B,10,2.351,11,Positive,Positive,Positive,Vaccinate_Positive,None
26,102.1.1.1,1,Vaccinate,VS,PPD-B,10,0.356,15,Positive,Positive,Positive,Vaccinate_Positive,None
27,77,1,Vaccinate,VS,PPD-B,10,0.335,19,Positive,Positive,Positive,Vaccinate_Positive,None
28,901,1,Vaccinate,VS,PPD-B,10,2.484,8,Positive,Positive,Positive,Vaccinate_Positive,Fasciola
29,902,1,Vaccinate,VS,PPD-B,10,0.988,9,Positive,Positive,Positive,Vaccinate_Positive,None
30,875,1,Vaccinate,VS,PPD-B,10,0.503,8,Positive,Positive,Positive,Vaccinate_Positive,None
31,895,1,Vaccinate,VS,PPD-B,10,0.245,7,Negative,Negative,Positive,Vaccinate_Positive,None
32,524,1,Vaccinate,VS,PPD-B,10,0.054,4,Positive,Positive,Positive,Vaccinate_Positive,None
33,449,1,Vaccinate,VS,PPD-B,10,3.691,6,Positive,Positive,Positive,Vaccinate_Positive,None
34,84,1,Vaccinate,VS,PPD-B,10,0.045,3,Positive,Positive,Positive,Vaccinate_Positive,Fasciola
35,957,2,Control,CS,PPD-B,10,1.728,28,Positive,Positive,Positive,Control_Positive,None
36,954,2,Control,CS,PPD-B,10,1.938,49,Positive,Positive,Positive,Control_Positive,None
37,967,2,Control,CS,PPD-B,10,2.142,13,Positive,Positive,Positive,Control_Positive,Fasciola
38,966,2,Control,CS,PPD-B,10,2.822,10,Positive,Positive,Positive,Control_Positive,None
39,956,2,Control,CS,PPD-B,10,0.286,78,Positive,Positive,Positive,Control_Positive,None
40,960,2,Control,CS,PPD-B,10,0.924,95,Positive,Positive,Positive,Control_Positive,None
41,54,2,Control,CS,PPD-B,10,0.982,39,Positive,Positive,Positive,Control_Positive,None
42,455,2,Control,CS,PPD-B,10,1.165,38,Positive,Positive,Positive,Control_Positive,None
43,50,2,Control,CS,PPD-B,10,2.482,12,Positive,Positive,Positive,Control_Positive,None
44,453,2,Control,CS,PPD-B,10,0.853,8,Negative,Negative,Positive,Control_Positive,Fasciola
45,942,2,Control,CS,PPD-B,10,2.632,13,Positive,Positive,Positive,Control_Positive,Fasciola
46,653,2,Control,CS,PPD-B,10,2.346,31,Positive,Positive,Positive,Control_Positive,Fasciola
47,457,2,Control,CS,PPD-B,10,2.197,14,Positive,Positive,Positive,Control_Positive,None
48,924,2,Control,CS,PPD-B,10,2.429,23,Negative,Negative,Positive,Control_Positive,Fasciola
49,938,2,Control,CS,PPD-B,10,NA,0,Negative,Negative,Negative,Control_Negative,None
50,926,2,Control,CS,PPD-B,10,1.004,104,Positive,Positive,Positive,Control_Positive,None
51,964,2,Vaccinate,VS,PPD-B,10,0.243,23,Positive,Positive,Positive,Vaccinate_Positive,None
52,962,2,Vaccinate,VS,PPD-B,10,0.663,16,Positive,Positive,Positive,Vaccinate_Positive,None
53,959,2,Vaccinate,VS,PPD-B,10,1.765,64,Positive,Positive,Positive,Vaccinate_Positive,None
54,48,2,Vaccinate,VS,PPD-B,10,0.408,0,Positive,Positive,Negative,Vaccinate_Negative,None
55,449,2,Vaccinate,VS,PPD-B,10,1.064,6,Negative,Negative,Positive,Vaccinate_Positive,None
56,63,2,Vaccinate,VS,PPD-B,10,0.517,39,Positive,Positive,Positive,Vaccinate_Positive,None
57,948,2,Vaccinate,VS,PPD-B,10,0.607,1,Negative,Negative,Positive,Vaccinate_Positive,Fasciola
58,64,2,Vaccinate,VS,PPD-B,10,0.366,4,Positive,Positive,Positive,Vaccinate_Positive,None
59,713,2,Vaccinate,VS,PPD-B,10,0.092,100,Positive,Positive,Positive,Vaccinate_Positive,None
60,52,2,Vaccinate,VS,PPD-B,10,0.629,35,Positive,Positive,Positive,Vaccinate_Positive,None
61,51,2,Vaccinate,VS,PPD-B,10,0.933,18,Negative,Negative,Positive,Vaccinate_Positive,None
62,65,2,Vaccinate,VS,PPD-B,10,2.269,16,Negative,Negative,Positive,Vaccinate_Positive,None
63,945,2,Vaccinate,VS,PPD-B,10,0.093,6,Positive,Positive,Positive,Vaccinate_Positive,None
64,459,2,Vaccinate,VS,PPD-B,10,0.343,4,Positive,Positive,Positive,Vaccinate_Positive,None
65,934,2,Vaccinate,VS,PPD-B,10,2.822,18,Positive,Positive,Positive,Vaccinate_Positive,None
66,85,2,Vaccinate,VS,PPD-B,10,1.698,11,Positive,Positive,Positive,Vaccinate_Positive,None
67,445,2,Vaccinate,VS,PPD-B,10,0.564,28,Positive,Positive,Positive,Vaccinate_Positive,None
68,202,I,Vaccinate,V-CS,PPD-B,10,1.614,0,Positive,Positive,Negative,Vaccinate_Negative,Fasciola
69,1105,I,Control,C-VS,PPD-B,10,3.235,44,Positive,Positive,Positive,Control_Positive,None
70,1128,I,Vaccinate,V-VS,PPD-B,10,0.092,0,Negative,Negative,Negative,Vaccinate_Negative,None
71,0068H,I,Vaccinate,V-VS,PPD-B,10,0.132,1,Negative,Negative,Positive,Vaccinate_Positive,None
72,0067H,I,Vaccinate,V-VS,PPD-B,10,1.008,0,Positive,Positive,Negative,Vaccinate_Negative,None
73,0070H,I,Vaccinate,V-CS,PPD-B,10,0.114,3,Negative,Negative,Positive,Vaccinate_Positive,None
74,497,I,Vaccinate,V-VS,PPD-B,10,0.402,1,Negative,Negative,Positive,Vaccinate_Positive,None
75,1135,I,Vaccinate,V-CS,PPD-B,10,0.796,2,Positive,Positive,Positive,Vaccinate_Positive,None
76,119,I,Control,C-VS,PPD-B,10,0.502,3,Positive,Positive,Positive,Control_Positive,None
77,1113,I,Control,C-VS,PPD-B,10,0.086,18,Negative,Negative,Positive,Control_Positive,None
78,120,I,Vaccinate,V-VS,PPD-B,10,0.306,0,Negative,Negative,Negative,Vaccinate_Negative,None
79,078H,I,Control,C-CS,PPD-B,10,0.916,6,Positive,Positive,Positive,Control_Positive,None
80,1111,I,Vaccinate,V-CS,PPD-B,10,0.238,0,Positive,Positive,Negative,Vaccinate_Negative,None
81,495,I,Vaccinate,V-CS,PPD-B,10,1.983,4,Positive,Positive,Positive,Vaccinate_Positive,Fasciola
82,1074.1,I,Control,C-VS,PPD-B,10,0.029,8,Positive,Positive,Positive,Control_Positive,None
83,099.2.3,I,Control,C-VS,PPD-B,10,0.263,2,Positive,Positive,Positive,Control_Positive,None
84,1126,I,Control,C-CS,PPD-B,10,0.97,5,Positive,Positive,Positive,Control_Positive,None
85,491,I,Vaccinate,V-VS,PPD-B,10,0.315,4,Positive,Positive,Positive,Vaccinate_Positive,None
86,489,I,Control,C-VS,PPD-B,10,0.117,5,Positive,Positive,Positive,Control_Positive,None
87,081H,I,Control,C-CS,PPD-B,10,0.84,5,Positive,Positive,Positive,Control_Positive,Fasciola
88,Z014.2.2,I,Control,C-CS,PPD-B,10,0.858,65,Positive,Positive,Positive,Control_Positive,None
89,493,I,Vaccinate,V-CS,PPD-B,10,0.218,0,Negative,Negative,Negative,Vaccinate_Negative,None
90,A.11.2,I,Control,C-VS,PPD-B,10,1.555,0,Positive,Positive,Negative,Control_Negative,None
91,204,I,Control,C-VS,PPD-B,10,0.172,3,Negative,Negative,Positive,Control_Positive,None
92,G201,I,Control,C-VS,PPD-B,10,0.155,0,Negative,Negative,Negative,Control_Negative,None
93,03.2.2.1,I,Vaccinate,V-VS,PPD-B,10,0.018,2,Negative,Negative,Positive,Vaccinate_Positive,None
94,478,I,Control,C-VS,PPD-B,10,0.056,0,Negative,Negative,Negative,Control_Negative,None
95,206,I,Vaccinate,V-CS,PPD-B,10,0.01,3,Negative,Negative,Positive,Vaccinate_Positive,None
96,475,I,Control,C-VS,PPD-B,10,0.109,0,Negative,Negative,Negative,Control_Negative,None
97,1160,I,Control,C-CS,PPD-B,10,0.382,2,Negative,Negative,Positive,Control_Positive,None
98,477,I,Control,C-CS,PPD-B,10,1.084,15,Positive,Positive,Positive,Control_Positive,Fasciola
99,207,I,Vaccinate,V-CS,PPD-B,10,1.843,2,Positive,Positive,Positive,Vaccinate_Positive,None
100,055.1.3,I,Control,C-CS,PPD-B,10,0.218,3,Positive,Positive,Positive,Control_Positive,None
101,1165,I,Control,C-CS,PPD-B,10,1.045,2,Negative,Negative,Positive,Control_Positive,None
102,1141,I,Control,C-VS,PPD-B,10,0.025,3,Negative,Negative,Positive,Control_Positive,None
103,1154,I,Vaccinate,V-CS,PPD-B,10,0.092,6,Positive,Positive,Positive,Vaccinate_Positive,None
104,1159,I,Vaccinate,V-VS,PPD-B,10,0.195,0,Negative,Negative,Negative,Vaccinate_Negative,None
105,1147,I,Vaccinate,V-CS,PPD-B,10,0.423,0,Negative,Negative,Negative,Vaccinate_Negative,None
106,96.5,II,Control,C-VS,PPD-B,10,1.638,4,Positive,Positive,Positive,Control_Positive,None
107,099.2.1.1,II,Vaccinate,V-VS,PPD-B,10,0.123,3,Negative,Negative,Positive,Vaccinate_Positive,Fasciola
108,132,II,Control,C-CS,PPD-B,10,0.516,10,Positive,Positive,Positive,Control_Positive,None
109,1168,II,Vaccinate,V-CS,PPD-B,10,0.099,10,Positive,Positive,Positive,Vaccinate_Positive,None
110,1171,II,Control,C-CS,PPD-B,10,0.765,6,Positive,Positive,Positive,Control_Positive,None
111,1174,II,Control,C-VS,PPD-B,10,0.054,6,Positive,Positive,Positive,Control_Positive,Fasciola
112,1189,II,Control,C-VS,PPD-B,10,-0.011,4,Positive,Positive,Positive,Control_Positive,Fasciola
113,1192,II,Control,C-VS,PPD-B,10,0.063,3,Positive,Positive,Positive,Control_Positive,Fasciola
114,1196,II,Vaccinate,V-CS,PPD-B,10,NA,0,Negative,Negative,Negative,Vaccinate_Negative,None
115,1198,II,Vaccinate,V-VS,PPD-B,10,NA,58,Positive,Positive,Positive,Vaccinate_Positive,None
116,110.3.4,II,Vaccinate,V-CS,PPD-B,10,0.613,7,Positive,Positive,Positive,Vaccinate_Positive,None
117,081.1.4,II,Vaccinate,V-VS,PPD-B,10,0.207,11,Positive,Positive,Positive,Vaccinate_Positive,Fasciola
118,087.2.3,II,Vaccinate,V-VS,PPD-B,10,0.052,1,Positive,Positive,Negative,Vaccinate_Negative,Fasciola
119,024.2.1.1,II,Control,C-CS,PPD-B,10,NA,0,Negative,Negative,Negative,Control_Negative,None
120,083.3.4,II,Control,C-VS,PPD-B,10,0.483,4,Negative,Negative,Positive,Control_Positive,Fasciola
121,08.2.4.4,II,Control,C-VS,PPD-B,10,0.118,13,Negative,Negative,Positive,Control_Positive,Fasciola
122,410.1.1.2,II,Vaccinate,V-VS,PPD-B,10,0.041,3,Positive,Positive,Positive,Vaccinate_Positive,Fasciola
123,135,II,Vaccinate,V-VS,PPD-B,10,0.567,2,Positive,Positive,Positive,Vaccinate_Positive,None
124,139,II,Vaccinate,V-CS,PPD-B,10,0.38,1,Positive,Positive,Positive,Vaccinate_Positive,None
125,140,II,Vaccinate,V-CS,PPD-B,10,0.161,0,Positive,Positive,Negative,Vaccinate_Negative,Fasciola
126,501,II,Vaccinate,V-VS,PPD-B,10,0.111,4,Positive,Positive,Positive,Vaccinate_Positive,Fasciola
127,503,II,Control,C-CS,PPD-B,10,0.354,5,Positive,Positive,Positive,Control_Positive,None
128,505,II,Vaccinate,V-VS,PPD-B,10,0.176,6,Positive,Positive,Positive,Vaccinate_Positive,None
129,507,II,Vaccinate,V-CS,PPD-B,10,0.344,5,Positive,Positive,Positive,Vaccinate_Positive,None
130,183,II,Control,C-CS,PPD-B,10,1.644,13,Positive,Positive,Positive,Control_Positive,Fasciola
131,182,II,Control,C-CS,PPD-B,10,0.066,2,Positive,Positive,Positive,Control_Positive,None
132,180,II,Vaccinate,V-CS,PPD-B,10,0.056,0,Negative,Negative,Negative,Vaccinate_Negative,None
133,196,II,Control,C-CS,PPD-B,10,0.772,35,Positive,Positive,Positive,Control_Positive,None
134,199,II,Control,C-CS,PPD-B,10,0.035,12,Positive,Positive,Positive,Control_Positive,None
1,119.1.3,1,Control,CS,PPD-B,12,1.633,116,Positive,Positive,Positive,Control_Positive,None
2,933,1,Control,CS,PPD-B,12,1.797,60,Positive,Positive,Positive,Control_Positive,None
3,893,1,Control,CS,PPD-B,12,1.488,10,Positive,Positive,Positive,Control_Positive,None
4,928,1,Control,CS,PPD-B,12,0.501,15,Negative,Negative,Positive,Control_Positive,Fasciola
5,091.1.3,1,Control,CS,PPD-B,12,0.307,23,Negative,Negative,Positive,Control_Positive,None
6,522,1,Control,CS,PPD-B,12,0.808,4,Positive,Positive,Positive,Control_Positive,None
7,891,1,Control,CS,PPD-B,12,2.683,3,Positive,Positive,Positive,Control_Positive,None
8,870,1,Control,CS,PPD-B,12,2.546,11,Negative,Negative,Positive,Control_Positive,None
9,525,1,Control,CS,PPD-B,12,3.218,53,Negative,Negative,Positive,Control_Positive,None
10,79,1,Control,CS,PPD-B,12,1.609,2,Negative,Negative,Positive,Control_Positive,None
11,448,1,Control,CS,PPD-B,12,0.759,71,Positive,Positive,Positive,Control_Positive,None
12,880,1,Control,CS,PPD-B,12,4.13,78,Positive,Positive,Positive,Control_Positive,None
13,520,1,Control,CS,PPD-B,12,3.091,34,Positive,Positive,Positive,Control_Positive,None
14,885,1,Control,CS,PPD-B,12,1.587,12,Positive,Positive,Positive,Control_Positive,None
15,882,1,Control,CS,PPD-B,12,1.983,72,Positive,Positive,Positive,Control_Positive,None
16,443,1,Control,CS,PPD-B,12,1.965,23,Positive,Positive,Positive,Control_Positive,Fasciola
17,521,1,Control,CS,PPD-B,12,0.599,16,Negative,Negative,Positive,Control_Positive,Fasciola
18,098.1.1.2,1,Vaccinate,VS,PPD-B,12,2.143,28,Positive,Positive,Positive,Vaccinate_Positive,None
19,919,1,Vaccinate,VS,PPD-B,12,1.713,72,Negative,Negative,Positive,Vaccinate_Positive,Fasciola
20,518,1,Vaccinate,VS,PPD-B,12,NA,0,Negative,Negative,Negative,Vaccinate_Negative,None
21,936,1,Vaccinate,VS,PPD-B,12,0.479,5,Negative,Negative,Positive,Vaccinate_Positive,None
22,087.2.2,1,Vaccinate,VS,PPD-B,12,0.343,9,Negative,Negative,Positive,Vaccinate_Positive,None
23,890,1,Vaccinate,VS,PPD-B,12,NA,0,Negative,Negative,Negative,Vaccinate_Negative,None
24,914,1,Vaccinate,VS,PPD-B,12,0.138,4,Negative,Negative,Positive,Vaccinate_Positive,None
25,889,1,Vaccinate,VS,PPD-B,12,2.732,11,Positive,Positive,Positive,Vaccinate_Positive,None
26,102.1.1.1,1,Vaccinate,VS,PPD-B,12,0.249,15,Positive,Positive,Positive,Vaccinate_Positive,None
27,77,1,Vaccinate,VS,PPD-B,12,1.244,19,Positive,Positive,Positive,Vaccinate_Positive,None
28,901,1,Vaccinate,VS,PPD-B,12,2.049,8,Positive,Positive,Positive,Vaccinate_Positive,Fasciola
29,902,1,Vaccinate,VS,PPD-B,12,0.922,9,Positive,Positive,Positive,Vaccinate_Positive,None
30,875,1,Vaccinate,VS,PPD-B,12,1.627,8,Positive,Positive,Positive,Vaccinate_Positive,None
31,895,1,Vaccinate,VS,PPD-B,12,0.159,7,Negative,Negative,Positive,Vaccinate_Positive,None
32,524,1,Vaccinate,VS,PPD-B,12,0.11,4,Positive,Positive,Positive,Vaccinate_Positive,None
33,449,1,Vaccinate,VS,PPD-B,12,2.159,6,Positive,Positive,Positive,Vaccinate_Positive,None
34,84,1,Vaccinate,VS,PPD-B,12,0.046,3,Positive,Positive,Positive,Vaccinate_Positive,Fasciola
35,957,2,Control,CS,PPD-B,12,3.009,28,Positive,Positive,Positive,Control_Positive,None
36,954,2,Control,CS,PPD-B,12,3.532,49,Positive,Positive,Positive,Control_Positive,None
37,967,2,Control,CS,PPD-B,12,2.674,13,Positive,Positive,Positive,Control_Positive,Fasciola
38,966,2,Control,CS,PPD-B,12,2.432,10,Positive,Positive,Positive,Control_Positive,None
39,956,2,Control,CS,PPD-B,12,0.881,78,Positive,Positive,Positive,Control_Positive,None
40,960,2,Control,CS,PPD-B,12,2.768,95,Positive,Positive,Positive,Control_Positive,None
41,54,2,Control,CS,PPD-B,12,2.964,39,Positive,Positive,Positive,Control_Positive,None
42,455,2,Control,CS,PPD-B,12,0.887,38,Positive,Positive,Positive,Control_Positive,None
43,50,2,Control,CS,PPD-B,12,3.433,12,Positive,Positive,Positive,Control_Positive,None
44,453,2,Control,CS,PPD-B,12,0.679,8,Negative,Negative,Positive,Control_Positive,Fasciola
45,942,2,Control,CS,PPD-B,12,1.182,13,Positive,Positive,Positive,Control_Positive,Fasciola
46,653,2,Control,CS,PPD-B,12,2.599,31,Positive,Positive,Positive,Control_Positive,Fasciola
47,457,2,Control,CS,PPD-B,12,1.352,14,Positive,Positive,Positive,Control_Positive,None
48,924,2,Control,CS,PPD-B,12,2.854,23,Negative,Negative,Positive,Control_Positive,Fasciola
49,938,2,Control,CS,PPD-B,12,NA,0,Negative,Negative,Negative,Control_Negative,None
50,926,2,Control,CS,PPD-B,12,1.049,104,Positive,Positive,Positive,Control_Positive,None
51,964,2,Vaccinate,VS,PPD-B,12,0.507,23,Positive,Positive,Positive,Vaccinate_Positive,None
52,962,2,Vaccinate,VS,PPD-B,12,2.316,16,Positive,Positive,Positive,Vaccinate_Positive,None
53,959,2,Vaccinate,VS,PPD-B,12,1.189,64,Positive,Positive,Positive,Vaccinate_Positive,None
54,48,2,Vaccinate,VS,PPD-B,12,0.459,0,Positive,Positive,Negative,Vaccinate_Negative,None
55,449,2,Vaccinate,VS,PPD-B,12,0.898,6,Negative,Negative,Positive,Vaccinate_Positive,None
56,63,2,Vaccinate,VS,PPD-B,12,0.751,39,Positive,Positive,Positive,Vaccinate_Positive,None
57,948,2,Vaccinate,VS,PPD-B,12,2.527,1,Negative,Negative,Positive,Vaccinate_Positive,Fasciola
58,64,2,Vaccinate,VS,PPD-B,12,0.652,4,Positive,Positive,Positive,Vaccinate_Positive,None
59,713,2,Vaccinate,VS,PPD-B,12,0.127,100,Positive,Positive,Positive,Vaccinate_Positive,None
60,52,2,Vaccinate,VS,PPD-B,12,0.834,35,Positive,Positive,Positive,Vaccinate_Positive,None
61,51,2,Vaccinate,VS,PPD-B,12,1.951,18,Negative,Negative,Positive,Vaccinate_Positive,None
62,65,2,Vaccinate,VS,PPD-B,12,3.695,16,Negative,Negative,Positive,Vaccinate_Positive,None
63,945,2,Vaccinate,VS,PPD-B,12,0.319,6,Positive,Positive,Positive,Vaccinate_Positive,None
64,459,2,Vaccinate,VS,PPD-B,12,1.18,4,Positive,Positive,Positive,Vaccinate_Positive,None
65,934,2,Vaccinate,VS,PPD-B,12,4.183,18,Positive,Positive,Positive,Vaccinate_Positive,None
66,85,2,Vaccinate,VS,PPD-B,12,1.336,11,Positive,Positive,Positive,Vaccinate_Positive,None
67,445,2,Vaccinate,VS,PPD-B,12,0.224,28,Positive,Positive,Positive,Vaccinate_Positive,None
68,202,I,Vaccinate,V-CS,PPD-B,12,0.325,0,Positive,Positive,Negative,Vaccinate_Negative,Fasciola
69,1105,I,Control,C-VS,PPD-B,12,3.226,44,Positive,Positive,Positive,Control_Positive,None
70,1128,I,Vaccinate,V-VS,PPD-B,12,0.136,0,Negative,Negative,Negative,Vaccinate_Negative,None
71,0068H,I,Vaccinate,V-VS,PPD-B,12,0.028,1,Negative,Negative,Positive,Vaccinate_Positive,None
72,0067H,I,Vaccinate,V-VS,PPD-B,12,0.125,0,Positive,Positive,Negative,Vaccinate_Negative,None
73,0070H,I,Vaccinate,V-CS,PPD-B,12,0.03,3,Negative,Negative,Positive,Vaccinate_Positive,None
74,497,I,Vaccinate,V-VS,PPD-B,12,0.351,1,Negative,Negative,Positive,Vaccinate_Positive,None
75,1135,I,Vaccinate,V-CS,PPD-B,12,0.534,2,Positive,Positive,Positive,Vaccinate_Positive,None
76,119,I,Control,C-VS,PPD-B,12,0.281,3,Positive,Positive,Positive,Control_Positive,None
77,1113,I,Control,C-VS,PPD-B,12,0.059,18,Negative,Negative,Positive,Control_Positive,None
78,120,I,Vaccinate,V-VS,PPD-B,12,0.603,0,Negative,Negative,Negative,Vaccinate_Negative,None
79,078H,I,Control,C-CS,PPD-B,12,0.544,6,Positive,Positive,Positive,Control_Positive,None
80,1111,I,Vaccinate,V-CS,PPD-B,12,0.563,0,Positive,Positive,Negative,Vaccinate_Negative,None
81,495,I,Vaccinate,V-CS,PPD-B,12,0.044,4,Positive,Positive,Positive,Vaccinate_Positive,Fasciola
82,1074.1,I,Control,C-VS,PPD-B,12,0.009,8,Positive,Positive,Positive,Control_Positive,None
83,099.2.3,I,Control,C-VS,PPD-B,12,0.186,2,Positive,Positive,Positive,Control_Positive,None
84,1126,I,Control,C-CS,PPD-B,12,1.088,5,Positive,Positive,Positive,Control_Positive,None
85,491,I,Vaccinate,V-VS,PPD-B,12,0.484,4,Positive,Positive,Positive,Vaccinate_Positive,None
86,489,I,Control,C-VS,PPD-B,12,1.631,5,Positive,Positive,Positive,Control_Positive,None
87,081H,I,Control,C-CS,PPD-B,12,0.359,5,Positive,Positive,Positive,Control_Positive,Fasciola
88,Z014.2.2,I,Control,C-CS,PPD-B,12,0.598,65,Positive,Positive,Positive,Control_Positive,None
89,493,I,Vaccinate,V-CS,PPD-B,12,1.264,0,Negative,Negative,Negative,Vaccinate_Negative,None
90,A.11.2,I,Control,C-VS,PPD-B,12,0.747,0,Positive,Positive,Negative,Control_Negative,None
91,204,I,Control,C-VS,PPD-B,12,0.244,3,Negative,Negative,Positive,Control_Positive,None
92,G201,I,Control,C-VS,PPD-B,12,0.124,0,Negative,Negative,Negative,Control_Negative,None
93,03.2.2.1,I,Vaccinate,V-VS,PPD-B,12,0.126,2,Negative,Negative,Positive,Vaccinate_Positive,None
94,478,I,Control,C-VS,PPD-B,12,0.163,0,Negative,Negative,Negative,Control_Negative,None
95,206,I,Vaccinate,V-CS,PPD-B,12,0.024,3,Negative,Negative,Positive,Vaccinate_Positive,None
96,475,I,Control,C-VS,PPD-B,12,0.535,0,Negative,Negative,Negative,Control_Negative,None
97,1160,I,Control,C-CS,PPD-B,12,0.535,2,Negative,Negative,Positive,Control_Positive,None
98,477,I,Control,C-CS,PPD-B,12,0.535,15,Positive,Positive,Positive,Control_Positive,Fasciola
99,207,I,Vaccinate,V-CS,PPD-B,12,0.535,2,Positive,Positive,Positive,Vaccinate_Positive,None
100,055.1.3,I,Control,C-CS,PPD-B,12,0.66,3,Positive,Positive,Positive,Control_Positive,None
101,1165,I,Control,C-CS,PPD-B,12,0.522,2,Negative,Negative,Positive,Control_Positive,None
102,1141,I,Control,C-VS,PPD-B,12,0.223,3,Negative,Negative,Positive,Control_Positive,None
103,1154,I,Vaccinate,V-CS,PPD-B,12,0.362,6,Positive,Positive,Positive,Vaccinate_Positive,None
104,1159,I,Vaccinate,V-VS,PPD-B,12,0.139,0,Negative,Negative,Negative,Vaccinate_Negative,None
105,1147,I,Vaccinate,V-CS,PPD-B,12,0.626,0,Negative,Negative,Negative,Vaccinate_Negative,None
106,96.5,II,Control,C-VS,PPD-B,12,0.814,4,Positive,Positive,Positive,Control_Positive,None
107,099.2.1.1,II,Vaccinate,V-VS,PPD-B,12,0.458,3,Negative,Negative,Positive,Vaccinate_Positive,Fasciola
108,132,II,Control,C-CS,PPD-B,12,0.307,10,Positive,Positive,Positive,Control_Positive,None
109,1168,II,Vaccinate,V-CS,PPD-B,12,0.185,10,Positive,Positive,Positive,Vaccinate_Positive,None
110,1171,II,Control,C-CS,PPD-B,12,0.536,6,Positive,Positive,Positive,Control_Positive,None
111,1174,II,Control,C-VS,PPD-B,12,0.332,6,Positive,Positive,Positive,Control_Positive,Fasciola
112,1189,II,Control,C-VS,PPD-B,12,0.014,4,Positive,Positive,Positive,Control_Positive,Fasciola
113,1192,II,Control,C-VS,PPD-B,12,0.045,3,Positive,Positive,Positive,Control_Positive,Fasciola
114,1196,II,Vaccinate,V-CS,PPD-B,12,NA,0,Negative,Negative,Negative,Vaccinate_Negative,None
115,1198,II,Vaccinate,V-VS,PPD-B,12,NA,58,Positive,Positive,Positive,Vaccinate_Positive,None
116,110.3.4,II,Vaccinate,V-CS,PPD-B,12,0.753,7,Positive,Positive,Positive,Vaccinate_Positive,None
117,081.1.4,II,Vaccinate,V-VS,PPD-B,12,0.263,11,Positive,Positive,Positive,Vaccinate_Positive,Fasciola
118,087.2.3,II,Vaccinate,V-VS,PPD-B,12,0.013,1,Positive,Positive,Negative,Vaccinate_Negative,Fasciola
119,024.2.1.1,II,Control,C-CS,PPD-B,12,NA,0,Negative,Negative,Negative,Control_Negative,None
120,083.3.4,II,Control,C-VS,PPD-B,12,0.295,4,Negative,Negative,Positive,Control_Positive,Fasciola
121,08.2.4.4,II,Control,C-VS,PPD-B,12,0.24,13,Negative,Negative,Positive,Control_Positive,Fasciola
122,410.1.1.2,II,Vaccinate,V-VS,PPD-B,12,0.028,3,Positive,Positive,Positive,Vaccinate_Positive,Fasciola
123,135,II,Vaccinate,V-VS,PPD-B,12,0.317,2,Positive,Positive,Positive,Vaccinate_Positive,None
124,139,II,Vaccinate,V-CS,PPD-B,12,0.223,1,Positive,Positive,Positive,Vaccinate_Positive,None
125,140,II,Vaccinate,V-CS,PPD-B,12,0.34,0,Positive,Positive,Negative,Vaccinate_Negative,Fasciola
126,501,II,Vaccinate,V-VS,PPD-B,12,0.202,4,Positive,Positive,Positive,Vaccinate_Positive,Fasciola
127,503,II,Control,C-CS,PPD-B,12,0.254,5,Positive,Positive,Positive,Control_Positive,None
128,505,II,Vaccinate,V-VS,PPD-B,12,0.391,6,Positive,Positive,Positive,Vaccinate_Positive,None
129,507,II,Vaccinate,V-CS,PPD-B,12,0.621,5,Positive,Positive,Positive,Vaccinate_Positive,None
130,183,II,Control,C-CS,PPD-B,12,0.864,13,Positive,Positive,Positive,Control_Positive,Fasciola
131,182,II,Control,C-CS,PPD-B,12,0.036,2,Positive,Positive,Positive,Control_Positive,None
132,180,II,Vaccinate,V-CS,PPD-B,12,NA,0,Negative,Negative,Negative,Vaccinate_Negative,None
133,196,II,Control,C-CS,PPD-B,12,0.327,35,Positive,Positive,Positive,Control_Positive,None
134,199,II,Control,C-CS,PPD-B,12,0.056,12,Positive,Positive,Positive,Control_Positive,None
